STATION,NAME,DATE,DAPR,MDPR,PRCP,SNOW,SNWD,TMAX,TMIN,TOBS,WESD,WT01,WT03,WT04,WT06,WT11
USC00186350,"NATIONAL ARBORETUM DC, MD US",1/1/2016,,,0,,,56,41,42,,,,,,
USC00186350,"NATIONAL ARBORETUM DC, MD US",1/2/2016,,,0,0,0,46,31,34,0,,,,,
USC00186350,"NATIONAL ARBORETUM DC, MD US",1/3/2016,,,0,,,48,29,35,,,,,,
USC00186350,"NATIONAL ARBORETUM DC, MD US",1/4/2016,,,0,,,53,29,34,,,,,,
USC00186350,"NATIONAL ARBORETUM DC, MD US",1/5/2016,,,0,,,38,15,17,,,,,,
USC00186350,"NATIONAL ARBORETUM DC, MD US",1/6/2016,,,0,,,34,16,22,,,,,,
USC00186350,"NATIONAL ARBORETUM DC, MD US",1/7/2016,,,0,,,41,22,35,,,,,,
USC00186350,"NATIONAL ARBORETUM DC, MD US",1/8/2016,,,0,,,43,35,40,,,,,,
USC00186350,"NATIONAL ARBORETUM DC, MD US",1/9/2016,,,0.01,,,44,40,41,,,,,,
USC00186350,"NATIONAL ARBORETUM DC, MD US",1/10/2016,,,0.74,,,70,41,65,,,,,,
USC00186350,"NATIONAL ARBORETUM DC, MD US",1/11/2016,,,0,,,65,28,29,,,,,,
USC00186350,"NATIONAL ARBORETUM DC, MD US",1/12/2016,,,0,,,42,25,32,,,,,,
USC00186350,"NATIONAL ARBORETUM DC, MD US",1/13/2016,,,0,0,0,47,21,21,,,,,,
USC00186350,"NATIONAL ARBORETUM DC, MD US",1/14/2016,,,0,,,31,21,26,,,,,,
USC00186350,"NATIONAL ARBORETUM DC, MD US",1/15/2016,,,0,,,53,26,31,,,,,,
USC00186350,"NATIONAL ARBORETUM DC, MD US",1/16/2016,,,0.35,,,52,30,43,,,,,,
USC00186350,"NATIONAL ARBORETUM DC, MD US",1/17/2016,,,0,0,0,53,32,37,0,,,,,
USC00186350,"NATIONAL ARBORETUM DC, MD US",1/18/2016,,,0.05,,,38,17,19,,,,,,
USC00186350,"NATIONAL ARBORETUM DC, MD US",1/19/2016,,,0,,,25,15,16,,,,,,
USC00186350,"NATIONAL ARBORETUM DC, MD US",1/20/2016,,,0,,,28,16,20,,,,,,
USC00186350,"NATIONAL ARBORETUM DC, MD US",1/21/2016,,,0.04,1.2,1,31,20,23,,,,,,
USC00186350,"NATIONAL ARBORETUM DC, MD US",1/22/2016,,,0,0,0,34,20,25,,,,,,
USC00186350,"NATIONAL ARBORETUM DC, MD US",1/23/2016,,,,,,29,22,24,,,,,,
USC00186350,"NATIONAL ARBORETUM DC, MD US",1/24/2016,,,,,,35,18,24,,,,,,
USC00186350,"NATIONAL ARBORETUM DC, MD US",1/25/2016,3,2.2,,,16,35,11,14,,,,,,
USC00186350,"NATIONAL ARBORETUM DC, MD US",1/26/2016,,,0,,13,44,14,38,,,,,,
USC00186350,"NATIONAL ARBORETUM DC, MD US",1/27/2016,,,0,0,10,53,38,39,,,,,,
USC00186350,"NATIONAL ARBORETUM DC, MD US",1/28/2016,,,0,0,6,43,18,23,,,,,,
USC00186350,"NATIONAL ARBORETUM DC, MD US",1/29/2016,,,0,0,,43,23,30,,,,,,
USC00186350,"NATIONAL ARBORETUM DC, MD US",1/30/2016,,,0,,5,42,20,24,,,,,,
USC00186350,"NATIONAL ARBORETUM DC, MD US",1/31/2016,,,0,,5,47,24,43,,,,,,
USC00186350,"NATIONAL ARBORETUM DC, MD US",2/1/2016,,,0,0,2,62,43,46,,,,,,
USC00186350,"NATIONAL ARBORETUM DC, MD US",2/2/2016,,,,0,0,60,33,34,,,,,,
USC00186350,"NATIONAL ARBORETUM DC, MD US",2/3/2016,,,0,0,0,53,34,42,,,,,,
USC00186350,"NATIONAL ARBORETUM DC, MD US",2/4/2016,,,0.58,0,,62,42,48,,,,,,
USC00186350,"NATIONAL ARBORETUM DC, MD US",2/5/2016,,,0.04,0,0,51,36,37,,,,,,
USC00186350,"NATIONAL ARBORETUM DC, MD US",2/6/2016,,,0,,,44,26,28,,,,,,
USC00186350,"NATIONAL ARBORETUM DC, MD US",2/7/2016,,,0,,,45,27,33,,,,,,
USC00186350,"NATIONAL ARBORETUM DC, MD US",2/8/2016,,,0,0,0,47,33,35,,,,,,
USC00186350,"NATIONAL ARBORETUM DC, MD US",2/9/2016,,,0.12,0,0,47,35,36,,,,,,
USC00186350,"NATIONAL ARBORETUM DC, MD US",2/10/2016,,,0.07,0,0,41,29,32,,,,,,
USC00186350,"NATIONAL ARBORETUM DC, MD US",2/11/2016,,,0,0,0,40,21,22,,,,,,
USC00186350,"NATIONAL ARBORETUM DC, MD US",2/12/2016,,,0,,,30,17,23,,,,,,
USC00186350,"NATIONAL ARBORETUM DC, MD US",2/13/2016,,,0.02,0,0,32,19,20,,,,,,
USC00186350,"NATIONAL ARBORETUM DC, MD US",2/14/2016,,,0,,,24,13,16,,,,,,
USC00186350,"NATIONAL ARBORETUM DC, MD US",2/15/2016,,,0.15,2,2,27,16,24,,,,,,
USC00186350,"NATIONAL ARBORETUM DC, MD US",2/16/2016,,,0.38,0.5,2,53,24,53,,,,,,
USC00186350,"NATIONAL ARBORETUM DC, MD US",2/17/2016,,,0.72,0,0,64,30,35,,,,,,
USC00186350,"NATIONAL ARBORETUM DC, MD US",2/18/2016,,,0,0,0,48,31,33,,,,,,
USC00186350,"NATIONAL ARBORETUM DC, MD US",2/19/2016,,,0,0,0,42,20,25,,,,,,
USC00186350,"NATIONAL ARBORETUM DC, MD US",2/20/2016,,,0,,,46,25,46,,,,,,
USC00186350,"NATIONAL ARBORETUM DC, MD US",2/21/2016,,,0,,,67,25,51,,,,,,
USC00186350,"NATIONAL ARBORETUM DC, MD US",2/22/2016,,,0.07,0,0,59,40,41,,,,,,
USC00186350,"NATIONAL ARBORETUM DC, MD US",2/23/2016,,,0.14,0,0,54,40,41,,,,,,
USC00186350,"NATIONAL ARBORETUM DC, MD US",2/24/2016,,,0.53,0,0,47,41,46,,,,,,
USC00186350,"NATIONAL ARBORETUM DC, MD US",2/25/2016,,,1.13,0,0,66,45,46,,,,,,
USC00186350,"NATIONAL ARBORETUM DC, MD US",2/26/2016,,,0,,,49,34,36,,,,,,
USC00186350,"NATIONAL ARBORETUM DC, MD US",2/27/2016,,,0,0,0,41,26,32,0,,,,,
USC00186350,"NATIONAL ARBORETUM DC, MD US",2/28/2016,,,0,,,47,32,41,,,,,,
USC00186350,"NATIONAL ARBORETUM DC, MD US",2/29/2016,,,0,0,0,67,41,54,,,,,,
USC00186350,"NATIONAL ARBORETUM DC, MD US",3/1/2016,,,0,0,0,64,43,44,,,,,,
USC00186350,"NATIONAL ARBORETUM DC, MD US",3/2/2016,,,0.08,0,0,67,40,40,,,,,,
USC00186350,"NATIONAL ARBORETUM DC, MD US",3/3/2016,,,0,0,0,44,26,33,,,,,,
USC00186350,"NATIONAL ARBORETUM DC, MD US",3/4/2016,,,0.1,1.2,1,43,32,34,,,,,,
USC00186350,"NATIONAL ARBORETUM DC, MD US",3/5/2016,,,0,0,0,42,34,35,0,,,,,
USC00186350,"NATIONAL ARBORETUM DC, MD US",3/6/2016,,,0,0,0,45,34,39,,,,,,
USC00186350,"NATIONAL ARBORETUM DC, MD US",3/7/2016,,,0,0,0,52,32,40,,,,,,
USC00186350,"NATIONAL ARBORETUM DC, MD US",3/8/2016,,,0,0,0,67,40,49,,,,,,
USC00186350,"NATIONAL ARBORETUM DC, MD US",3/9/2016,,,0,0,0,79,43,50,,,,,,
USC00186350,"NATIONAL ARBORETUM DC, MD US",3/10/2016,,,0,0,,83,50,65,,,,,,
USC00186350,"NATIONAL ARBORETUM DC, MD US",3/11/2016,,,0,0,0,80,61,61,,,,,,
USC00186350,"NATIONAL ARBORETUM DC, MD US",3/12/2016,,,0,0,,74,48,51,,,,,,
USC00186350,"NATIONAL ARBORETUM DC, MD US",3/13/2016,,,0,,,60,51,54,,,,,,
USC00186350,"NATIONAL ARBORETUM DC, MD US",3/14/2016,,,0.48,0,0,60,50,53,,,,,,
USC00186350,"NATIONAL ARBORETUM DC, MD US",3/15/2016,,,0.03,0,0,54,46,47,,,,,,
USC00186350,"NATIONAL ARBORETUM DC, MD US",3/16/2016,,,0.02,0,0,65,45,46,,,,,,
USC00186350,"NATIONAL ARBORETUM DC, MD US",3/17/2016,,,0,0,0,75,43,44,,,,,,
USC00186350,"NATIONAL ARBORETUM DC, MD US",3/18/2016,,,0,0,0,69,43,43,,,,,,
USC00186350,"NATIONAL ARBORETUM DC, MD US",3/19/2016,,,0,,,68,43,45,,,,,,
USC00186350,"NATIONAL ARBORETUM DC, MD US",3/20/2016,,,0.21,,,46,37,40,,,,,,
USC00186350,"NATIONAL ARBORETUM DC, MD US",3/21/2016,,,0,0,0,43,35,40,,,,,,
USC00186350,"NATIONAL ARBORETUM DC, MD US",3/22/2016,,,0,0,0,54,31,33,,,,,,
USC00186350,"NATIONAL ARBORETUM DC, MD US",3/23/2016,,,0,,,63,33,56,,,,,,
USC00186350,"NATIONAL ARBORETUM DC, MD US",3/24/2016,,,0,,,76,46,51,,,,,,
USC00186350,"NATIONAL ARBORETUM DC, MD US",3/25/2016,,,0,,,78,51,66,,,,,,
USC00186350,"NATIONAL ARBORETUM DC, MD US",3/26/2016,,,0.02,,,74,40,41,,,,,,
USC00186350,"NATIONAL ARBORETUM DC, MD US",3/27/2016,,,0,,,63,41,49,,,,,,
USC00186350,"NATIONAL ARBORETUM DC, MD US",3/28/2016,,,0.41,0,0,57,49,51,,,,,,
USC00186350,"NATIONAL ARBORETUM DC, MD US",3/29/2016,,,0.04,,,70,47,48,,,,,,
USC00186350,"NATIONAL ARBORETUM DC, MD US",3/30/2016,,,0,,,62,33,41,,,,,,
USC00186350,"NATIONAL ARBORETUM DC, MD US",3/31/2016,,,0,0,0,65,41,55,,,,,,
USC00186350,"NATIONAL ARBORETUM DC, MD US",4/1/2016,,,0,0,0,74,55,69,,,,,,
USC00186350,"NATIONAL ARBORETUM DC, MD US",4/2/2016,,,0.1,0,0,84,50,51,,,,,,
USC00186350,"NATIONAL ARBORETUM DC, MD US",4/3/2016,,,0.12,0,0,63,36,37,,,,,,
USC00186350,"NATIONAL ARBORETUM DC, MD US",4/4/2016,,,0.02,0,0,54,37,51,,,,,,
USC00186350,"NATIONAL ARBORETUM DC, MD US",4/5/2016,,,0.08,0,0,72,30,32,,,,,,
USC00186350,"NATIONAL ARBORETUM DC, MD US",4/6/2016,,,0,0,0,47,28,32,,,,,,
USC00186350,"NATIONAL ARBORETUM DC, MD US",4/7/2016,,,0.04,0,0,57,32,55,,,,,,
USC00186350,"NATIONAL ARBORETUM DC, MD US",4/8/2016,,,0.64,0,0,64,44,45,,,,,,
USC00186350,"NATIONAL ARBORETUM DC, MD US",4/9/2016,,,0.08,0,0,54,39,39,,,,,,
USC00186350,"NATIONAL ARBORETUM DC, MD US",4/10/2016,,,0.03,0,0,50,31,34,0,,,,,
USC00186350,"NATIONAL ARBORETUM DC, MD US",4/11/2016,,,0,0,0,53,34,49,,,,,,
USC00186350,"NATIONAL ARBORETUM DC, MD US",4/12/2016,,,0.03,0,0,74,48,61,,,,,,
USC00186350,"NATIONAL ARBORETUM DC, MD US",4/13/2016,,,0,0,0,65,40,43,,,,,,
USC00186350,"NATIONAL ARBORETUM DC, MD US",4/14/2016,,,0,0,0,60,36,41,,,,,,
USC00186350,"NATIONAL ARBORETUM DC, MD US",4/15/2016,,,0,0,0,65,38,44,,,,,,
USC00186350,"NATIONAL ARBORETUM DC, MD US",4/16/2016,,,0,0,0,66,41,50,,,,,,
USC00186350,"NATIONAL ARBORETUM DC, MD US",4/17/2016,,,0,0,0,73,41,51,,,,,,
USC00186350,"NATIONAL ARBORETUM DC, MD US",4/18/2016,,,0,0,0,76,47,51,,,,,,
USC00186350,"NATIONAL ARBORETUM DC, MD US",4/19/2016,,,0,0,0,83,51,56,,,,,,
USC00186350,"NATIONAL ARBORETUM DC, MD US",4/20/2016,,,0,0,0,83,43,55,,,,,,
USC00186350,"NATIONAL ARBORETUM DC, MD US",4/21/2016,,,0,0,0,73,50,54,,,,,,
USC00186350,"NATIONAL ARBORETUM DC, MD US",4/22/2016,,,0,0,0,75,54,66,,,,,,
USC00186350,"NATIONAL ARBORETUM DC, MD US",4/23/2016,,,0,0,0,74,62,64,,,,,,
USC00186350,"NATIONAL ARBORETUM DC, MD US",4/24/2016,,,0.22,0,0,72,44,50,,,,,,
USC00186350,"NATIONAL ARBORETUM DC, MD US",4/25/2016,,,0,0,0,71,48,53,,,,,,
USC00186350,"NATIONAL ARBORETUM DC, MD US",4/26/2016,,,0,0,0,80,53,69,,,,,,
USC00186350,"NATIONAL ARBORETUM DC, MD US",4/27/2016,,,0,0,0,86,55,55,,,,,,
USC00186350,"NATIONAL ARBORETUM DC, MD US",4/28/2016,,,0.04,0,0,56,52,54,,,,,,
USC00186350,"NATIONAL ARBORETUM DC, MD US",4/29/2016,,,0.57,0,0,56,48,49,,,,,,
USC00186350,"NATIONAL ARBORETUM DC, MD US",4/30/2016,,,0.02,0,0,56,48,51,,,,,,
USC00186350,"NATIONAL ARBORETUM DC, MD US",5/1/2016,,,0.29,0,0,59,51,55,0,,,,,
USC00186350,"NATIONAL ARBORETUM DC, MD US",5/2/2016,,,0.26,0,0,62,55,60,0,,,,,
USC00186350,"NATIONAL ARBORETUM DC, MD US",5/3/2016,,,0.89,0,0,80,60,69,0,,,,,
USC00186350,"NATIONAL ARBORETUM DC, MD US",5/4/2016,,,0.13,0,0,75,55,55,0,,,,,
USC00186350,"NATIONAL ARBORETUM DC, MD US",5/5/2016,,,0.03,0,0,60,50,51,0,,,,,
USC00186350,"NATIONAL ARBORETUM DC, MD US",5/6/2016,,,0.13,0,0,57,51,53,0,,,,,
USC00186350,"NATIONAL ARBORETUM DC, MD US",5/7/2016,,,0.91,0,0,60,53,59,0,,,,,
USC00186350,"NATIONAL ARBORETUM DC, MD US",5/8/2016,,,0.2,0,0,65,55,65,0,,,,,
USC00186350,"NATIONAL ARBORETUM DC, MD US",5/9/2016,,,0,0,0,73,44,56,0,,,,,
USC00186350,"NATIONAL ARBORETUM DC, MD US",5/10/2016,,,0.08,0,0,67,56,59,0,,,,,
USC00186350,"NATIONAL ARBORETUM DC, MD US",5/11/2016,,,0.09,0,0,64,54,55,0,,,,,
USC00186350,"NATIONAL ARBORETUM DC, MD US",5/12/2016,,,0.18,0,0,65,55,63,0,,,,,
USC00186350,"NATIONAL ARBORETUM DC, MD US",5/13/2016,,,0,0,0,68,63,66,0,,,,,
USC00186350,"NATIONAL ARBORETUM DC, MD US",5/14/2016,,,0.11,0,0,78,50,62,0,,,,,
USC00186350,"NATIONAL ARBORETUM DC, MD US",5/15/2016,,,0.14,0,0,76,49,52,0,,,,,
USC00186350,"NATIONAL ARBORETUM DC, MD US",5/16/2016,,,0,0,0,76,42,48,0,,,,,
USC00186350,"NATIONAL ARBORETUM DC, MD US",5/17/2016,,,0,0,0,69,47,57,0,,,,,
USC00186350,"NATIONAL ARBORETUM DC, MD US",5/18/2016,,,0.4,0,0,60,55,59,0,,,,,
USC00186350,"NATIONAL ARBORETUM DC, MD US",5/19/2016,,,0.03,0,0,69,55,56,0,,,,,
USC00186350,"NATIONAL ARBORETUM DC, MD US",5/20/2016,,,0,0,0,73,49,51,0,,,,,
USC00186350,"NATIONAL ARBORETUM DC, MD US",5/21/2016,,,0.22,0,0,78,51,57,0,,,,,
USC00186350,"NATIONAL ARBORETUM DC, MD US",5/22/2016,,,0.42,0,0,78,51,57,0,,,,,
USC00186350,"NATIONAL ARBORETUM DC, MD US",5/23/2016,,,0.38,0,0,65,57,65,0,,,,,
USC00186350,"NATIONAL ARBORETUM DC, MD US",5/24/2016,,,0.22,0,0,76,61,65,0,,,,,
USC00186350,"NATIONAL ARBORETUM DC, MD US",5/25/2016,,,0,0,0,83,57,59,0,,,,,
USC00186350,"NATIONAL ARBORETUM DC, MD US",5/26/2016,,,0,0,0,85,59,61,0,,,,,
USC00186350,"NATIONAL ARBORETUM DC, MD US",5/27/2016,,,0,0,0,86,61,72,0,,,,,
USC00186350,"NATIONAL ARBORETUM DC, MD US",5/28/2016,,,0,0,0,92,71,74,0,,,,,
USC00186350,"NATIONAL ARBORETUM DC, MD US",5/29/2016,,,0,0,0,92,64,75,0,,,,,
USC00186350,"NATIONAL ARBORETUM DC, MD US",5/30/2016,,,0.75,0,0,87,70,76,0,,,,,
USC00186350,"NATIONAL ARBORETUM DC, MD US",5/31/2016,,,0.03,0,0,83,70,72,0,,,,,
USC00186350,"NATIONAL ARBORETUM DC, MD US",6/1/2016,,,0,0,0,89,67,70,0,,,,,
USC00186350,"NATIONAL ARBORETUM DC, MD US",6/2/2016,,,0,0,0,90,67,69,0,,,,,
USC00186350,"NATIONAL ARBORETUM DC, MD US",6/3/2016,,,0,0,0,84,68,73,0,,,,,
USC00186350,"NATIONAL ARBORETUM DC, MD US",6/4/2016,,,0.29,0,0,81,73,76,0,,,,,
USC00186350,"NATIONAL ARBORETUM DC, MD US",6/5/2016,,,0.1,0,0,83,74,80,0,,,,,
USC00186350,"NATIONAL ARBORETUM DC, MD US",6/6/2016,,,0,0,0,85,70,72,0,,,,,
USC00186350,"NATIONAL ARBORETUM DC, MD US",6/7/2016,,,0,0,0,87,71,73,0,,,,,
USC00186350,"NATIONAL ARBORETUM DC, MD US",6/8/2016,,,0,0,0,88,63,65,0,,,,,
USC00186350,"NATIONAL ARBORETUM DC, MD US",6/9/2016,,,0,0,0,73,53,63,0,,,,,
USC00186350,"NATIONAL ARBORETUM DC, MD US",6/10/2016,,,0,0,0,83,60,61,0,,,,,
USC00186350,"NATIONAL ARBORETUM DC, MD US",6/11/2016,,,0,0,0,83,61,72,0,,,,,
USC00186350,"NATIONAL ARBORETUM DC, MD US",6/12/2016,,,0,0,0,96,72,84,0,,,,,
USC00186350,"NATIONAL ARBORETUM DC, MD US",6/13/2016,,,0,0,0,93,63,64,0,,,,,
USC00186350,"NATIONAL ARBORETUM DC, MD US",6/14/2016,,,0,0,0,81,64,69,0,,,,,
USC00186350,"NATIONAL ARBORETUM DC, MD US",6/15/2016,,,0,0,0,83,63,68,0,,,,,
USC00186350,"NATIONAL ARBORETUM DC, MD US",6/16/2016,,,0.03,0,0,84,67,71,0,,,,,
USC00186350,"NATIONAL ARBORETUM DC, MD US",6/17/2016,,,0.57,0,0,88,67,67,0,,,,,
USC00186350,"NATIONAL ARBORETUM DC, MD US",6/18/2016,,,0,0,0,83,63,71,0,,,,,
USC00186350,"NATIONAL ARBORETUM DC, MD US",6/19/2016,,,0,0,0,86,66,73,0,,,,,
USC00186350,"NATIONAL ARBORETUM DC, MD US",6/20/2016,,,0,0,0,90,65,78,0,,,,,
USC00186350,"NATIONAL ARBORETUM DC, MD US",6/21/2016,,,0,0,0,93,75,76,0,,,,,
USC00186350,"NATIONAL ARBORETUM DC, MD US",6/22/2016,,,1.04,0,0,91,70,76,0,,,,,
USC00186350,"NATIONAL ARBORETUM DC, MD US",6/23/2016,,,0.43,0,0,84,70,74,0,,,,,
USC00186350,"NATIONAL ARBORETUM DC, MD US",6/24/2016,,,0.12,0,0,81,72,74,0,,,,,
USC00186350,"NATIONAL ARBORETUM DC, MD US",6/25/2016,,,0,0,0,86,71,73,0,,,,,
USC00186350,"NATIONAL ARBORETUM DC, MD US",6/26/2016,,,0,0,0,86,62,73,0,,,,,
USC00186350,"NATIONAL ARBORETUM DC, MD US",6/27/2016,,,0,0,0,87,66,72,0,,,,,
USC00186350,"NATIONAL ARBORETUM DC, MD US",6/28/2016,,,0.16,0,0,87,70,74,0,,,,,
USC00186350,"NATIONAL ARBORETUM DC, MD US",6/29/2016,,,0.42,0,0,87,71,77,0,,,,,
USC00186350,"NATIONAL ARBORETUM DC, MD US",6/30/2016,,,0,0,0,83,62,70,0,,,,,
USC00186350,"NATIONAL ARBORETUM DC, MD US",7/1/2016,,,0,0,0,86,69,76,0,,,,,
USC00186350,"NATIONAL ARBORETUM DC, MD US",7/2/2016,,,0.27,0,0,90,69,73,0,,1,,,
USC00186350,"NATIONAL ARBORETUM DC, MD US",7/3/2016,,,0.02,0,0,81,64,65,0,,,,,
USC00186350,"NATIONAL ARBORETUM DC, MD US",7/4/2016,,,0.02,0,0,75,65,72,0,,,,,
USC00186350,"NATIONAL ARBORETUM DC, MD US",7/5/2016,,,0.68,0,0,72,66,72,0,,,,,
USC00186350,"NATIONAL ARBORETUM DC, MD US",7/6/2016,,,0,0,0,93,72,83,0,,,,,
USC00186350,"NATIONAL ARBORETUM DC, MD US",7/7/2016,,,0,0,0,93,77,79,0,,,,,
USC00186350,"NATIONAL ARBORETUM DC, MD US",7/8/2016,,,0,0,0,93,76,80,0,,,,,
USC00186350,"NATIONAL ARBORETUM DC, MD US",7/9/2016,,,0.05,0,0,93,77,81,0,,,,,
USC00186350,"NATIONAL ARBORETUM DC, MD US",7/10/2016,,,0,0,0,94,73,76,0,,,,,
USC00186350,"NATIONAL ARBORETUM DC, MD US",7/11/2016,,,0,0,0,88,67,72,0,,,,,
USC00186350,"NATIONAL ARBORETUM DC, MD US",7/12/2016,,,0,0,0,89,68,73,0,,,,,
USC00186350,"NATIONAL ARBORETUM DC, MD US",7/13/2016,,,0,0,0,87,73,76,0,,,,,
USC00186350,"NATIONAL ARBORETUM DC, MD US",7/14/2016,,,0,0,0,91,73,77,0,,,,,
USC00186350,"NATIONAL ARBORETUM DC, MD US",7/15/2016,,,0,0,0,97,73,81,0,,,,,
USC00186350,"NATIONAL ARBORETUM DC, MD US",7/16/2016,,,0,0,0,93,73,80,0,,,,,
USC00186350,"NATIONAL ARBORETUM DC, MD US",7/17/2016,,,0.16,0,0,95,71,76,0,,,,,
USC00186350,"NATIONAL ARBORETUM DC, MD US",7/18/2016,,,0,0,0,93,70,77,0,,,,,
USC00186350,"NATIONAL ARBORETUM DC, MD US",7/19/2016,,,0.34,0,0,95,72,80,0,,,,,
USC00186350,"NATIONAL ARBORETUM DC, MD US",7/20/2016,,,1.81,0,0,91,70,72,0,,,,,
USC00186350,"NATIONAL ARBORETUM DC, MD US",7/21/2016,,,0,0,0,90,67,75,0,,,,,
USC00186350,"NATIONAL ARBORETUM DC, MD US",7/22/2016,,,0,0,0,91,73,77,0,,,,,
USC00186350,"NATIONAL ARBORETUM DC, MD US",7/23/2016,,,0,0,0,94,77,85,0,,,,,
USC00186350,"NATIONAL ARBORETUM DC, MD US",7/24/2016,,,0,0,0,97,76,83,0,,,,,
USC00186350,"NATIONAL ARBORETUM DC, MD US",7/25/2016,,,0,0,0,95,77,81,0,,,,,
USC00186350,"NATIONAL ARBORETUM DC, MD US",7/26/2016,,,0,0,0,99,77,80,0,,,,,
USC00186350,"NATIONAL ARBORETUM DC, MD US",7/27/2016,,,0,0,0,94,80,82,0,,,,,
USC00186350,"NATIONAL ARBORETUM DC, MD US",7/28/2016,,,0,0,0,94,79,80,0,,,,,
USC00186350,"NATIONAL ARBORETUM DC, MD US",7/29/2016,,,1.82,0,0,94,76,78,0,,,,,
USC00186350,"NATIONAL ARBORETUM DC, MD US",7/30/2016,,,0,0,0,91,76,80,0,,,,,
USC00186350,"NATIONAL ARBORETUM DC, MD US",7/31/2016,,,0.61,0,0,89,75,85,0,,,,,
USC00186350,"NATIONAL ARBORETUM DC, MD US",8/1/2016,,,0.48,0,0,93,74,85,,,,,,
USC00186350,"NATIONAL ARBORETUM DC, MD US",8/2/2016,,,0,0,0,92,74,80,,,,,,
USC00186350,"NATIONAL ARBORETUM DC, MD US",8/3/2016,,,0,0,0,90,70,74,,,,,,
USC00186350,"NATIONAL ARBORETUM DC, MD US",8/4/2016,,,0,0,0,85,68,73,,,,,,
USC00186350,"NATIONAL ARBORETUM DC, MD US",8/5/2016,,,0,0,0,86,72,76,,,,,,
USC00186350,"NATIONAL ARBORETUM DC, MD US",8/6/2016,,,0,0,0,83,75,79,,,,,,
USC00186350,"NATIONAL ARBORETUM DC, MD US",8/7/2016,,,0,0,0,92,70,76,,,,,,
USC00186350,"NATIONAL ARBORETUM DC, MD US",8/8/2016,,,0,0,0,92,68,79,,,,,,
USC00186350,"NATIONAL ARBORETUM DC, MD US",8/9/2016,,,0,0,0,91,66,73,,,,,,
USC00186350,"NATIONAL ARBORETUM DC, MD US",8/10/2016,,,0,0,0,83,73,83,,,,,,
USC00186350,"NATIONAL ARBORETUM DC, MD US",8/11/2016,,,0,0,0,94,79,83,,,,,,
USC00186350,"NATIONAL ARBORETUM DC, MD US",8/12/2016,,,0,0,0,95,80,83,,,,,,
USC00186350,"NATIONAL ARBORETUM DC, MD US",8/13/2016,,,0,0,0,96,81,84,,,,,,
USC00186350,"NATIONAL ARBORETUM DC, MD US",8/14/2016,,,0,0,0,98,81,86,,,,,,
USC00186350,"NATIONAL ARBORETUM DC, MD US",8/15/2016,,,0,0,0,99,74,82,,,,,,
USC00186350,"NATIONAL ARBORETUM DC, MD US",8/16/2016,,,0.7,0,0,96,74,84,,,,,,
USC00186350,"NATIONAL ARBORETUM DC, MD US",8/17/2016,,,0.02,0,0,94,79,84,,,,,,
USC00186350,"NATIONAL ARBORETUM DC, MD US",8/18/2016,,,0.87,0,0,94,74,83,,,,,,
USC00186350,"NATIONAL ARBORETUM DC, MD US",8/19/2016,,,0,0,0,92,72,80,,,,,,
USC00186350,"NATIONAL ARBORETUM DC, MD US",8/20/2016,,,0,0,0,92,72,76,,,,,,
USC00186350,"NATIONAL ARBORETUM DC, MD US",8/21/2016,,,0,0,0,93,72,79,,,,,,
USC00186350,"NATIONAL ARBORETUM DC, MD US",8/22/2016,,,0.61,0,0,92,67,68,,,,,,
USC00186350,"NATIONAL ARBORETUM DC, MD US",8/23/2016,,,0,0,0,85,64,64,,,,,,
USC00186350,"NATIONAL ARBORETUM DC, MD US",8/24/2016,,,0,0,0,86,64,65,,,,,,
USC00186350,"NATIONAL ARBORETUM DC, MD US",8/25/2016,,,0,0,0,88,65,71,,,,,,
USC00186350,"NATIONAL ARBORETUM DC, MD US",8/26/2016,,,0,0,0,88,71,79,,,,,,
USC00186350,"NATIONAL ARBORETUM DC, MD US",8/27/2016,,,0,0,0,95,76,82,,,,,,
USC00186350,"NATIONAL ARBORETUM DC, MD US",8/28/2016,,,0,0,0,93,72,74,,,,,,
USC00186350,"NATIONAL ARBORETUM DC, MD US",8/29/2016,,,0,0,0,92,71,72,,,,,,
USC00186350,"NATIONAL ARBORETUM DC, MD US",8/30/2016,,,0,0,0,93,72,72,,,,,,
USC00186350,"NATIONAL ARBORETUM DC, MD US",8/31/2016,,,0,0,0,92,68,69,,,,,,
USC00186350,"NATIONAL ARBORETUM DC, MD US",9/1/2016,,,0.07,0,0,93,69,72,,,,,,
USC00186350,"NATIONAL ARBORETUM DC, MD US",9/2/2016,,,0,0,0,83,65,66,,,,,,
USC00186350,"NATIONAL ARBORETUM DC, MD US",9/3/2016,,,0,0,0,81,66,70,,,,,,
USC00186350,"NATIONAL ARBORETUM DC, MD US",9/4/2016,,,0.07,0,0,81,67,73,,,,,,
USC00186350,"NATIONAL ARBORETUM DC, MD US",9/5/2016,,,0,0,0,83,60,71,,,,,,
USC00186350,"NATIONAL ARBORETUM DC, MD US",9/6/2016,,,0,0,0,88,71,72,,,,,,
USC00186350,"NATIONAL ARBORETUM DC, MD US",9/7/2016,,,0,0,0,93,68,72,,,,,,
USC00186350,"NATIONAL ARBORETUM DC, MD US",9/8/2016,,,0.03,0,0,93,71,73,,,,,,
USC00186350,"NATIONAL ARBORETUM DC, MD US",9/9/2016,,,0,0,0,96,73,78,,,,,,
USC00186350,"NATIONAL ARBORETUM DC, MD US",9/10/2016,,,,0,0,,,,,,,,,
USC00186350,"NATIONAL ARBORETUM DC, MD US",9/11/2016,,,0,0,0,95,78,79,,,,,,
USC00186350,"NATIONAL ARBORETUM DC, MD US",9/12/2016,,,0,0,0,86,63,63,,,,,,
USC00186350,"NATIONAL ARBORETUM DC, MD US",9/13/2016,,,0,0,0,85,63,68,,,,,,
USC00186350,"NATIONAL ARBORETUM DC, MD US",9/14/2016,,,0,0,0,89,63,70,,,,,,
USC00186350,"NATIONAL ARBORETUM DC, MD US",9/15/2016,,,0,0,0,94,70,70,,,,,,
USC00186350,"NATIONAL ARBORETUM DC, MD US",9/16/2016,,,0,0,0,78,64,65,,,,,,
USC00186350,"NATIONAL ARBORETUM DC, MD US",9/17/2016,,,0,0,0,80,64,69,,,,,,
USC00186350,"NATIONAL ARBORETUM DC, MD US",9/18/2016,,,0,0,0,84,69,73,,,,,,
USC00186350,"NATIONAL ARBORETUM DC, MD US",9/19/2016,,,0.02,0,0,86,73,74,,,,,,
USC00186350,"NATIONAL ARBORETUM DC, MD US",9/20/2016,,,0.39,0,0,83,73,74,,,,,,
USC00186350,"NATIONAL ARBORETUM DC, MD US",9/21/2016,,,0,0,0,80,71,71,,,,,,
USC00186350,"NATIONAL ARBORETUM DC, MD US",9/22/2016,,,0,0,0,83,65,65,,,,,,
USC00186350,"NATIONAL ARBORETUM DC, MD US",9/23/2016,,,0,0,0,83,63,63,,,,,,
USC00186350,"NATIONAL ARBORETUM DC, MD US",9/24/2016,,,0,0,0,92,62,72,,,,,,
USC00186350,"NATIONAL ARBORETUM DC, MD US",9/25/2016,,,0,0,0,78,54,58,,,,,,
USC00186350,"NATIONAL ARBORETUM DC, MD US",9/26/2016,,,0,0,0,76,58,62,,,,,,
USC00186350,"NATIONAL ARBORETUM DC, MD US",9/27/2016,,,0.31,0,0,74,62,72,,,,,,
USC00186350,"NATIONAL ARBORETUM DC, MD US",9/28/2016,,,0,0,0,78,62,66,,,,,,
USC00186350,"NATIONAL ARBORETUM DC, MD US",9/29/2016,,,1.3,0,0,79,62,70,,,,,,
USC00186350,"NATIONAL ARBORETUM DC, MD US",9/30/2016,,,0.59,0,0,73,70,73,,,,,,
USC00186350,"NATIONAL ARBORETUM DC, MD US",10/1/2016,,,0.06,0,0,76,70,75,,,,,,
USC00186350,"NATIONAL ARBORETUM DC, MD US",10/2/2016,,,0.09,0,0,80,72,78,,,,,,
USC00186350,"NATIONAL ARBORETUM DC, MD US",10/3/2016,,,0,0,0,79,66,66,,,,,,
USC00186350,"NATIONAL ARBORETUM DC, MD US",10/4/2016,,,0,0,0,77,56,57,,,,,,
USC00186350,"NATIONAL ARBORETUM DC, MD US",10/5/2016,,,0,0,0,76,56,57,,,,,,
USC00186350,"NATIONAL ARBORETUM DC, MD US",10/6/2016,,,0,0,0,72,56,60,,,,,,
USC00186350,"NATIONAL ARBORETUM DC, MD US",10/7/2016,,,0,0,0,70,60,61,,,,,,
USC00186350,"NATIONAL ARBORETUM DC, MD US",10/8/2016,,,0,0,0,74,61,65,,,,,,
USC00186350,"NATIONAL ARBORETUM DC, MD US",10/9/2016,,,0.37,0,0,74,56,56,,,,,,
USC00186350,"NATIONAL ARBORETUM DC, MD US",10/10/2016,,,0,0,0,69,48,50,,,,,,
USC00186350,"NATIONAL ARBORETUM DC, MD US",10/11/2016,,,0,0,0,66,41,41,,,,,,
USC00186350,"NATIONAL ARBORETUM DC, MD US",10/12/2016,,,0,0,0,68,41,46,,,,,,
USC00186350,"NATIONAL ARBORETUM DC, MD US",10/13/2016,,,0,0,0,72,45,54,,,,,,
USC00186350,"NATIONAL ARBORETUM DC, MD US",10/14/2016,,,0,0,0,73,44,44,,,,,,
USC00186350,"NATIONAL ARBORETUM DC, MD US",10/15/2016,,,0,0,0,65,43,47,,,,,,
USC00186350,"NATIONAL ARBORETUM DC, MD US",10/16/2016,,,0,0,0,70,47,54,0,,,,,
USC00186350,"NATIONAL ARBORETUM DC, MD US",10/17/2016,,,0,0,0,74,54,59,,,,,,
USC00186350,"NATIONAL ARBORETUM DC, MD US",10/18/2016,,,0,0,0,83,59,63,,,,,,
USC00186350,"NATIONAL ARBORETUM DC, MD US",10/19/2016,,,0,0,0,84,62,67,,,,,,
USC00186350,"NATIONAL ARBORETUM DC, MD US",10/20/2016,,,0,0,0,87,67,67,,,,,,
USC00186350,"NATIONAL ARBORETUM DC, MD US",10/21/2016,,,0,0,0,84,66,67,,,,,,
USC00186350,"NATIONAL ARBORETUM DC, MD US",10/22/2016,,,0.32,0,0,80,53,54,,,,,,
USC00186350,"NATIONAL ARBORETUM DC, MD US",10/23/2016,,,0,0,0,60,47,48,,,,,,
USC00186350,"NATIONAL ARBORETUM DC, MD US",10/24/2016,,,0,0,0,68,48,53,,,,,,
USC00186350,"NATIONAL ARBORETUM DC, MD US",10/25/2016,,,0,0,0,71,42,42,,,,,,
USC00186350,"NATIONAL ARBORETUM DC, MD US",10/26/2016,,,0,0,0,63,36,37,,,,,,
USC00186350,"NATIONAL ARBORETUM DC, MD US",10/27/2016,,,0,0,0,58,36,47,,,,,,
USC00186350,"NATIONAL ARBORETUM DC, MD US",10/28/2016,,,0.06,0,0,64,47,52,,,,,,
USC00186350,"NATIONAL ARBORETUM DC, MD US",10/29/2016,,,0,0,0,63,40,45,,,,,,
USC00186350,"NATIONAL ARBORETUM DC, MD US",10/30/2016,,,0,0,0,74,45,60,,,,,,
USC00186350,"NATIONAL ARBORETUM DC, MD US",10/31/2016,,,0.03,0,0,80,49,50,,,,,,
USC00186350,"NATIONAL ARBORETUM DC, MD US",11/1/2016,,,0,0,0,62,42,45,,,,,,
USC00186350,"NATIONAL ARBORETUM DC, MD US",11/2/2016,,,0,0,0,60,45,54,,,,,,
USC00186350,"NATIONAL ARBORETUM DC, MD US",11/3/2016,,,0,0,0,74,54,60,,,,,,
USC00186350,"NATIONAL ARBORETUM DC, MD US",11/4/2016,,,0,0,0,80,54,55,,,,,,
USC00186350,"NATIONAL ARBORETUM DC, MD US",11/5/2016,,,0,0,0,64,37,56,,,,,,
USC00186350,"NATIONAL ARBORETUM DC, MD US",11/6/2016,,,0,0,0,68,46,55,,,,,,
USC00186350,"NATIONAL ARBORETUM DC, MD US",11/7/2016,,,0,0,0,69,40,41,,,,,,
USC00186350,"NATIONAL ARBORETUM DC, MD US",11/8/2016,,,0,0,0,61,35,36,,,,,,
USC00186350,"NATIONAL ARBORETUM DC, MD US",11/9/2016,,,0.03,0,0,69,36,54,,,,,,
USC00186350,"NATIONAL ARBORETUM DC, MD US",11/10/2016,,,0.14,0,0,69,36,38,,,,,,
USC00186350,"NATIONAL ARBORETUM DC, MD US",11/11/2016,,,0,0,0,61,38,55,,,,,,
USC00186350,"NATIONAL ARBORETUM DC, MD US",11/12/2016,,,0,0,0,65,35,42,,,,,,
USC00186350,"NATIONAL ARBORETUM DC, MD US",11/13/2016,,,0,0,0,53,31,36,,,,,,
USC00186350,"NATIONAL ARBORETUM DC, MD US",11/14/2016,,,0,0,0,64,32,33,,,,,,
USC00186350,"NATIONAL ARBORETUM DC, MD US",11/15/2016,,,0,0,0,58,32,49,,,,,,
USC00186350,"NATIONAL ARBORETUM DC, MD US",11/16/2016,,,0,0,0,64,37,38,,,,,,
USC00186350,"NATIONAL ARBORETUM DC, MD US",11/17/2016,,,0.02,0,0,64,37,38,,,,,,
USC00186350,"NATIONAL ARBORETUM DC, MD US",11/18/2016,,,0,0,0,62,37,37,,,,,,
USC00186350,"NATIONAL ARBORETUM DC, MD US",11/19/2016,,,0,0,0,72,37,48,,,,,,
USC00186350,"NATIONAL ARBORETUM DC, MD US",11/20/2016,,,0,0,0,71,38,40,,,,,,
USC00186350,"NATIONAL ARBORETUM DC, MD US",11/21/2016,,,0,0,0,46,35,35,,,,,,
USC00186350,"NATIONAL ARBORETUM DC, MD US",11/22/2016,,,0,0,0,45,32,36,,,,,,
USC00186350,"NATIONAL ARBORETUM DC, MD US",11/23/2016,,,0,0,0,49,27,27,,,,,,
USC00186350,"NATIONAL ARBORETUM DC, MD US",11/24/2016,,,0,0,0,52,27,46,,,,,,
USC00186350,"NATIONAL ARBORETUM DC, MD US",11/25/2016,,,0,0,0,61,43,48,,,,,,
USC00186350,"NATIONAL ARBORETUM DC, MD US",11/26/2016,,,0,0,0,59,41,47,,,,,,
USC00186350,"NATIONAL ARBORETUM DC, MD US",11/27/2016,,,0,0,0,51,34,42,,,,,,
USC00186350,"NATIONAL ARBORETUM DC, MD US",11/28/2016,,,0,0,0,52,30,30,,,,,,
USC00186350,"NATIONAL ARBORETUM DC, MD US",11/29/2016,,,0.03,0,0,54,30,49,,,,,,
USC00186350,"NATIONAL ARBORETUM DC, MD US",11/30/2016,,,0.16,0,0,65,49,62,,,,,,
USC00186350,"NATIONAL ARBORETUM DC, MD US",12/1/2016,,,0.63,0,0,74,51,52,,,,,,
USC00186350,"NATIONAL ARBORETUM DC, MD US",12/2/2016,,,0,,,57,43,44,,,,,,
USC00186350,"NATIONAL ARBORETUM DC, MD US",12/3/2016,,,0,0,,52,42,43,,,,,,
USC00186350,"NATIONAL ARBORETUM DC, MD US",12/4/2016,,,0,,,50,37,40,,,,,,
USC00186350,"NATIONAL ARBORETUM DC, MD US",12/5/2016,,,0.34,,,47,40,45,,,,,,
USC00186350,"NATIONAL ARBORETUM DC, MD US",12/6/2016,,,0,,,55,41,41,,,,,,
USC00186350,"NATIONAL ARBORETUM DC, MD US",12/7/2016,,,1.06,0,0,51,41,49,,,,,,
USC00186350,"NATIONAL ARBORETUM DC, MD US",12/8/2016,,,0,,,50,32,38,,,,,,
USC00186350,"NATIONAL ARBORETUM DC, MD US",12/9/2016,,,0,,,47,30,30,,,,,,
USC00186350,"NATIONAL ARBORETUM DC, MD US",12/10/2016,,,0,,,39,28,31,,,,,,
USC00186350,"NATIONAL ARBORETUM DC, MD US",12/11/2016,,,0,,,36,25,31,,,,,,
USC00186350,"NATIONAL ARBORETUM DC, MD US",12/12/2016,,,0.17,,,46,31,46,,,,,,
USC00186350,"NATIONAL ARBORETUM DC, MD US",12/13/2016,,,0,,,54,36,36,,,,,,
USC00186350,"NATIONAL ARBORETUM DC, MD US",12/14/2016,,,0,,,47,36,37,,,,,,
USC00186350,"NATIONAL ARBORETUM DC, MD US",12/15/2016,,,0,,,47,28,28,,,,,,
USC00186350,"NATIONAL ARBORETUM DC, MD US",12/16/2016,,,0,,,28,16,17,,,,,,
USC00186350,"NATIONAL ARBORETUM DC, MD US",12/17/2016,,,0.8,,,30,17,29,,,,1,1,
USC00186350,"NATIONAL ARBORETUM DC, MD US",12/18/2016,,,0.07,,,60,17,59,,,,,,
USC00186350,"NATIONAL ARBORETUM DC, MD US",12/19/2016,,,0,,,65,31,31,,,,,,
USC00186350,"NATIONAL ARBORETUM DC, MD US",12/20/2016,,,0,,,36,22,23,,,,,,
USC00186350,"NATIONAL ARBORETUM DC, MD US",12/21/2016,,,0,,,37,23,26,,,,,,
USC00186350,"NATIONAL ARBORETUM DC, MD US",12/22/2016,,,0,,,49,26,41,,,,,,
USC00186350,"NATIONAL ARBORETUM DC, MD US",12/23/2016,,,0,,,57,28,29,,,,,,
USC00186350,"NATIONAL ARBORETUM DC, MD US",12/24/2016,,,0.55,,,47,29,44,,,,,,
USC00186350,"NATIONAL ARBORETUM DC, MD US",12/25/2016,,,0.08,,,51,34,40,,,,,,
USC00186350,"NATIONAL ARBORETUM DC, MD US",12/26/2016,,,0,,,50,32,39,,,,,,
USC00186350,"NATIONAL ARBORETUM DC, MD US",12/27/2016,,,0,,,57,39,57,,,,,,
USC00186350,"NATIONAL ARBORETUM DC, MD US",12/28/2016,,,0,,,65,37,42,,,,,,
USC00186350,"NATIONAL ARBORETUM DC, MD US",12/29/2016,,,0.24,,,49,32,44,,,,,,
USC00186350,"NATIONAL ARBORETUM DC, MD US",12/30/2016,,,0,,,50,34,37,,,,,,
USC00186350,"NATIONAL ARBORETUM DC, MD US",12/31/2016,,,0,,,42,27,31,,,,,,
USC00186350,"NATIONAL ARBORETUM DC, MD US",1/1/2017,,,0,0,0,47,31,38,,,,,,
USC00186350,"NATIONAL ARBORETUM DC, MD US",1/2/2017,,,0.03,0,0,55,38,42,0,,,,,
USC00186350,"NATIONAL ARBORETUM DC, MD US",1/3/2017,,,0.3,0,0,46,42,44,,,,,,
USC00186350,"NATIONAL ARBORETUM DC, MD US",1/4/2017,,,0.69,0,0,50,44,46,,,,,,
USC00186350,"NATIONAL ARBORETUM DC, MD US",1/5/2017,,,0,0,0,55,29,30,,,,,,
USC00186350,"NATIONAL ARBORETUM DC, MD US",1/6/2017,,,0,0,0,36,30,31,,,,,,
USC00186350,"NATIONAL ARBORETUM DC, MD US",1/7/2017,,,0,0,0,34,23,24,,,,,,
USC00186350,"NATIONAL ARBORETUM DC, MD US",1/8/2017,,,0.25,,,25,15,15,,,,,,
USC00186350,"NATIONAL ARBORETUM DC, MD US",1/9/2017,,,0,0,0,24,15,17,,,,,,
USC00186350,"NATIONAL ARBORETUM DC, MD US",1/10/2017,,,0,0,0,26,17,21,,,,,,
USC00186350,"NATIONAL ARBORETUM DC, MD US",1/11/2017,,,0.02,0,0,42,21,35,,,,,,
USC00186350,"NATIONAL ARBORETUM DC, MD US",1/12/2017,,,0.04,0,0,57,35,55,,,,,,
USC00186350,"NATIONAL ARBORETUM DC, MD US",1/13/2017,,,0,0,0,71,52,52,,,,,,
USC00186350,"NATIONAL ARBORETUM DC, MD US",1/14/2017,,,0.01,0,0,54,35,35,0,,,,,
USC00186350,"NATIONAL ARBORETUM DC, MD US",1/15/2017,,,0.29,0,0,54,33,37,,,,,,
USC00186350,"NATIONAL ARBORETUM DC, MD US",1/16/2017,,,0,0,0,47,36,37,0,,,,,
USC00186350,"NATIONAL ARBORETUM DC, MD US",1/17/2017,,,0.06,0,0,46,37,41,,,,,,
USC00186350,"NATIONAL ARBORETUM DC, MD US",1/18/2017,,,0.22,0,0,54,41,48,,1,,,,
USC00186350,"NATIONAL ARBORETUM DC, MD US",1/19/2017,,,0,0,0,58,42,44,,,,,,
USC00186350,"NATIONAL ARBORETUM DC, MD US",1/20/2017,,,0,0,0,52,35,40,,,,,,
USC00186350,"NATIONAL ARBORETUM DC, MD US",1/21/2017,,,0,0,0,49,40,48,0,,,,,
USC00186350,"NATIONAL ARBORETUM DC, MD US",1/22/2017,,,0.02,0,0,50,47,48,,,,,,
USC00186350,"NATIONAL ARBORETUM DC, MD US",1/23/2017,,,0.19,0,0,53,48,48,,,,,,
USC00186350,"NATIONAL ARBORETUM DC, MD US",1/24/2017,,,0.85,0,0,49,40,40,,,,,,
USC00186350,"NATIONAL ARBORETUM DC, MD US",1/25/2017,,,0,0,0,49,39,45,,,,,,
USC00186350,"NATIONAL ARBORETUM DC, MD US",1/26/2017,,,0,0,0,61,41,51,,,,,,
USC00186350,"NATIONAL ARBORETUM DC, MD US",1/27/2017,,,0,0,0,59,39,39,,,,,,
USC00186350,"NATIONAL ARBORETUM DC, MD US",1/28/2017,,,0,0,0,44,34,35,,,,,,
USC00186350,"NATIONAL ARBORETUM DC, MD US",1/29/2017,,,0,0,0,48,31,39,0,,,,,
USC00186350,"NATIONAL ARBORETUM DC, MD US",1/30/2017,,,0.04,0.5,1,46,31,32,,,,,,
USC00186350,"NATIONAL ARBORETUM DC, MD US",1/31/2017,,,0,0,0,46,25,33,,,,1,,
USC00186350,"NATIONAL ARBORETUM DC, MD US",2/1/2017,,,0,0,0,56,31,35,,,,,,
USC00186350,"NATIONAL ARBORETUM DC, MD US",2/2/2017,,,0,0,0,50,34,40,,,,,,
USC00186350,"NATIONAL ARBORETUM DC, MD US",2/3/2017,,,0,0,0,49,32,34,,,,,,
USC00186350,"NATIONAL ARBORETUM DC, MD US",2/4/2017,,,0,0,0,38,22,27,,,,,,
USC00186350,"NATIONAL ARBORETUM DC, MD US",2/5/2017,,,0,0,0,41,27,36,0,,,,,
USC00186350,"NATIONAL ARBORETUM DC, MD US",2/6/2017,,,0,0,0,53,31,31,,,,,,
USC00186350,"NATIONAL ARBORETUM DC, MD US",2/7/2017,,,0,0,0,62,31,53,,,,,,
USC00186350,"NATIONAL ARBORETUM DC, MD US",2/8/2017,,,0,0,0,73,52,58,,,,,,
USC00186350,"NATIONAL ARBORETUM DC, MD US",2/9/2017,,,0.14,0,0,73,36,36,,,,,,
USC00186350,"NATIONAL ARBORETUM DC, MD US",2/10/2017,,,0,0,0,38,23,24,,,,,,
USC00186350,"NATIONAL ARBORETUM DC, MD US",2/11/2017,,,0,0,0,42,24,42,,,,,,
USC00186350,"NATIONAL ARBORETUM DC, MD US",2/13/2017,,,0.03,0,0,54,36,37,,,,,,1
USC00186350,"NATIONAL ARBORETUM DC, MD US",2/14/2017,,,0,0,0,46,26,34,,,,,,
USC00186350,"NATIONAL ARBORETUM DC, MD US",2/15/2017,,,0,0,0,48,33,38,,,,,,
USC00186350,"NATIONAL ARBORETUM DC, MD US",2/16/2017,,,0,0,0,54,33,33,,,,,,
USC00186350,"NATIONAL ARBORETUM DC, MD US",2/17/2017,,,0,0,0,42,25,26,,,,,,
USC00186350,"NATIONAL ARBORETUM DC, MD US",2/18/2017,,,0,0,0,53,26,41,,,,,,
USC00186350,"NATIONAL ARBORETUM DC, MD US",2/19/2017,,,0,0,0,70,41,59,,,,,,
USC00186350,"NATIONAL ARBORETUM DC, MD US",2/20/2017,,,0,0,0,71,46,54,,,,,,
USC00186350,"NATIONAL ARBORETUM DC, MD US",2/21/2017,,,0,0,0,69,40,40,,,,,,
USC00186350,"NATIONAL ARBORETUM DC, MD US",2/22/2017,,,0,0,0,59,39,46,,,,,,
USC00186350,"NATIONAL ARBORETUM DC, MD US",2/23/2017,,,0,0,0,64,46,52,,,,,,
USC00186350,"NATIONAL ARBORETUM DC, MD US",2/24/2017,,,0,0,0,76,51,52,,,,,,
USC00186350,"NATIONAL ARBORETUM DC, MD US",2/25/2017,,,0,0,0,76,52,64,0,,,,,
USC00186350,"NATIONAL ARBORETUM DC, MD US",2/26/2017,,,0.22,0,0,76,34,36,,,,,,
USC00186350,"NATIONAL ARBORETUM DC, MD US",2/27/2017,,,0,0,0,49,29,30,,,,,,
USC00186350,"NATIONAL ARBORETUM DC, MD US",2/28/2017,,,0,0,0,55,30,42,,,,,,
USC00186350,"NATIONAL ARBORETUM DC, MD US",3/1/2017,,,0.4,,,69,42,65,,,,,,
USC00186350,"NATIONAL ARBORETUM DC, MD US",3/2/2017,,,0.07,0,0,78,47,47,,,,,,
USC00186350,"NATIONAL ARBORETUM DC, MD US",3/3/2017,,,0,0,0,51,33,36,,,,,,
USC00186350,"NATIONAL ARBORETUM DC, MD US",3/4/2017,,,0,0,0,43,25,33,0,,,,,
USC00186350,"NATIONAL ARBORETUM DC, MD US",3/5/2017,,,0,,,44,21,23,,,,,,
USC00186350,"NATIONAL ARBORETUM DC, MD US",3/6/2017,,,0,0,0,42,23,31,,,,,,
USC00186350,"NATIONAL ARBORETUM DC, MD US",3/7/2017,,,0,0,0,55,31,49,,,,,,
USC00186350,"NATIONAL ARBORETUM DC, MD US",3/8/2017,,,0.12,0,0,70,49,49,,,,,,
USC00186350,"NATIONAL ARBORETUM DC, MD US",3/9/2017,,,0,0,0,68,45,48,,,,,,
USC00186350,"NATIONAL ARBORETUM DC, MD US",3/10/2017,,,0,0,0,73,46,46,,,,,,
USC00186350,"NATIONAL ARBORETUM DC, MD US",3/11/2017,,,0.08,,,46,26,29,,,,,,
USC00186350,"NATIONAL ARBORETUM DC, MD US",3/12/2017,,,0,,,40,26,28,,,,,,
USC00186350,"NATIONAL ARBORETUM DC, MD US",3/13/2017,,,0,0,0,43,24,25,,,,,,
USC00186350,"NATIONAL ARBORETUM DC, MD US",3/14/2017,,,1.54,2.5,2,44,25,34,,,,,,
USC00186350,"NATIONAL ARBORETUM DC, MD US",3/15/2017,,,0,0,1,38,22,22,,,,,,
USC00186350,"NATIONAL ARBORETUM DC, MD US",3/16/2017,,,0,0,1,32,22,28,,,,,,
USC00186350,"NATIONAL ARBORETUM DC, MD US",3/17/2017,,,0,0,0,43,27,27,,,,,,
USC00186350,"NATIONAL ARBORETUM DC, MD US",3/18/2017,,,0,,,51,27,41,,,,,,
USC00186350,"NATIONAL ARBORETUM DC, MD US",3/19/2017,,,0.56,,,59,37,37,,,,,,
USC00186350,"NATIONAL ARBORETUM DC, MD US",3/20/2017,,,0,0,0,54,35,36,,,,,,
USC00186350,"NATIONAL ARBORETUM DC, MD US",3/21/2017,,,0.02,0,0,53,35,46,,,,,,
USC00186350,"NATIONAL ARBORETUM DC, MD US",3/22/2017,,,0,0,0,64,42,43,,,,,,
USC00186350,"NATIONAL ARBORETUM DC, MD US",3/23/2017,,,0,0,0,50,25,30,,,,,,
USC00186350,"NATIONAL ARBORETUM DC, MD US",3/24/2017,,,0,0,0,49,30,37,,,,,,
USC00186350,"NATIONAL ARBORETUM DC, MD US",3/25/2017,,,0.06,,,62,37,57,,,,,,
USC00186350,"NATIONAL ARBORETUM DC, MD US",3/26/2017,,,0,0,0,80,48,48,0,,,,,
USC00186350,"NATIONAL ARBORETUM DC, MD US",3/27/2017,,,0.03,0,0,,,47,,,,,,
USC00186350,"NATIONAL ARBORETUM DC, MD US",3/28/2017,,,0.02,0,0,77,47,59,,,,,,
USC00186350,"NATIONAL ARBORETUM DC, MD US",3/29/2017,,,0.12,0,0,73,55,55,,,,,,
USC00186350,"NATIONAL ARBORETUM DC, MD US",3/30/2017,,,0,0,0,67,45,45,,,,,,
USC00186350,"NATIONAL ARBORETUM DC, MD US",3/31/2017,,,0.04,0,0,55,43,43,,,,,,
USC00186350,"NATIONAL ARBORETUM DC, MD US",4/1/2017,,,0.98,0,0,57,43,50,0,,,,,
USC00186350,"NATIONAL ARBORETUM DC, MD US",4/2/2017,,,0,0,0,61,42,45,0,,,,,
USC00186350,"NATIONAL ARBORETUM DC, MD US",4/3/2017,,,0,0,0,67,45,50,0,,,,,
USC00186350,"NATIONAL ARBORETUM DC, MD US",4/4/2017,,,0.11,0,0,69,50,54,0,,,,,
USC00186350,"NATIONAL ARBORETUM DC, MD US",4/5/2017,,,0,0,0,81,54,57,0,,,,,
USC00186350,"NATIONAL ARBORETUM DC, MD US",4/6/2017,,,0,0,0,75,54,54,0,,,,,
USC00186350,"NATIONAL ARBORETUM DC, MD US",4/7/2017,,,1.73,0,0,66,44,44,0,,,,,
USC00186350,"NATIONAL ARBORETUM DC, MD US",4/8/2017,,,0,0,0,49,39,43,0,,,,,
USC00186350,"NATIONAL ARBORETUM DC, MD US",4/9/2017,,,0,0,0,66,38,52,0,,,,,
USC00186350,"NATIONAL ARBORETUM DC, MD US",4/10/2017,,,0,0,0,73,44,45,0,,,,,
USC00186350,"NATIONAL ARBORETUM DC, MD US",4/11/2017,,,0,0,0,83,45,61,0,,,,,
USC00186350,"NATIONAL ARBORETUM DC, MD US",4/12/2017,,,0,0,0,87,60,60,0,,,,,
USC00186350,"NATIONAL ARBORETUM DC, MD US",4/13/2017,,,0,0,0,80,50,60,0,,,,,
USC00186350,"NATIONAL ARBORETUM DC, MD US",4/14/2017,,,0,0,0,72,50,55,0,,,,,
USC00186350,"NATIONAL ARBORETUM DC, MD US",4/15/2017,,,0,0,0,73,52,56,0,,,,,
USC00186350,"NATIONAL ARBORETUM DC, MD US",4/16/2017,,,0,0,0,78,56,69,0,,,,,
USC00186350,"NATIONAL ARBORETUM DC, MD US",4/17/2017,,,0,0,0,85,66,67,0,,,,,
USC00186350,"NATIONAL ARBORETUM DC, MD US",4/18/2017,,,0.12,0,0,72,50,51,0,,,,,
USC00186350,"NATIONAL ARBORETUM DC, MD US",4/19/2017,,,0,0,0,73,50,52,0,,,,,
USC00186350,"NATIONAL ARBORETUM DC, MD US",4/20/2017,,,0,0,0,62,52,58,0,,,,,
USC00186350,"NATIONAL ARBORETUM DC, MD US",4/21/2017,,,0.1,0,0,84,58,64,0,,,,,
USC00186350,"NATIONAL ARBORETUM DC, MD US",4/22/2017,,,0.19,0,0,83,60,60,0,,,,,
USC00186350,"NATIONAL ARBORETUM DC, MD US",4/23/2017,,,0.23,0,0,60,47,48,0,,,,,
USC00186350,"NATIONAL ARBORETUM DC, MD US",4/24/2017,,,0,0,0,62,48,53,0,,,,,
USC00186350,"NATIONAL ARBORETUM DC, MD US",4/25/2017,,,0.24,0,0,57,51,55,0,,,,,
USC00186350,"NATIONAL ARBORETUM DC, MD US",4/26/2017,,,0.11,0,0,60,55,58,0,,,,,
USC00186350,"NATIONAL ARBORETUM DC, MD US",4/27/2017,,,0,0,0,71,55,58,0,1,,,,
USC00186350,"NATIONAL ARBORETUM DC, MD US",4/28/2017,,,0.01,0,0,84,58,65,0,,,,,
USC00186350,"NATIONAL ARBORETUM DC, MD US",4/29/2017,,,0,0,0,86,64,74,0,,,,,
USC00186350,"NATIONAL ARBORETUM DC, MD US",4/30/2017,,,0,0,0,93,70,72,0,,,,,
USC00186350,"NATIONAL ARBORETUM DC, MD US",5/1/2017,,,0,0,0,86,61,63,,,,,,
USC00186350,"NATIONAL ARBORETUM DC, MD US",5/2/2017,,,0,0,0,84,63,69,,,,,,
USC00186350,"NATIONAL ARBORETUM DC, MD US",5/3/2017,,,0,0,0,78,59,60,,,,,,
USC00186350,"NATIONAL ARBORETUM DC, MD US",5/4/2017,,,0,0,0,66,48,51,,,,,,
USC00186350,"NATIONAL ARBORETUM DC, MD US",5/5/2017,,,0.64,0,0,67,51,64,,,,,,
USC00186350,"NATIONAL ARBORETUM DC, MD US",5/6/2017,,,1.87,0,0,81,57,58,,,,,,
USC00186350,"NATIONAL ARBORETUM DC, MD US",5/7/2017,,,0.1,0,0,58,47,52,,,,,,
USC00186350,"NATIONAL ARBORETUM DC, MD US",5/8/2017,,,0,0,0,64,44,46,,,,,,
USC00186350,"NATIONAL ARBORETUM DC, MD US",5/9/2017,,,0,0,0,64,40,41,,,,,,
USC00186350,"NATIONAL ARBORETUM DC, MD US",5/10/2017,,,0,0,0,68,40,45,,,,,,
USC00186350,"NATIONAL ARBORETUM DC, MD US",5/11/2017,,,0,0,0,76,45,57,,,,,,
USC00186350,"NATIONAL ARBORETUM DC, MD US",5/12/2017,,,1,0,0,58,53,54,,,,,,
USC00186350,"NATIONAL ARBORETUM DC, MD US",5/13/2017,,,0.97,0,0,59,50,55,,,,,,
USC00186350,"NATIONAL ARBORETUM DC, MD US",5/14/2017,,,0.02,0,0,60,46,53,,,,,,
USC00186350,"NATIONAL ARBORETUM DC, MD US",5/15/2017,,,0,0,0,77,53,54,,,,,,
USC00186350,"NATIONAL ARBORETUM DC, MD US",5/16/2017,,,0,0,0,77,50,50,,,,,,
USC00186350,"NATIONAL ARBORETUM DC, MD US",5/17/2017,,,0,0,0,82,50,60,,,,,,
USC00186350,"NATIONAL ARBORETUM DC, MD US",5/18/2017,,,0,0,0,94,60,73,,,,,,
USC00186350,"NATIONAL ARBORETUM DC, MD US",5/19/2017,,,0,0,0,93,68,75,,,,,,
USC00186350,"NATIONAL ARBORETUM DC, MD US",5/20/2017,,,0.2,0,0,93,68,68,,,,,,
USC00186350,"NATIONAL ARBORETUM DC, MD US",5/21/2017,,,0,0,0,72,58,59,,,,,,
USC00186350,"NATIONAL ARBORETUM DC, MD US",5/22/2017,,,0.14,0,0,69,58,59,,,,,,
USC00186350,"NATIONAL ARBORETUM DC, MD US",5/23/2017,,,0.15,0,0,73,59,61,,,,,,
USC00186350,"NATIONAL ARBORETUM DC, MD US",5/24/2017,,,0.2,0,0,67,59,60,,,,,,
USC00186350,"NATIONAL ARBORETUM DC, MD US",5/25/2017,,,0.65,0,0,66,58,65,,,,,,
USC00186350,"NATIONAL ARBORETUM DC, MD US",5/26/2017,,,0.43,0,0,76,62,64,,,,,,
USC00186350,"NATIONAL ARBORETUM DC, MD US",5/27/2017,,,0,0,0,77,59,67,,,,,,
USC00186350,"NATIONAL ARBORETUM DC, MD US",5/28/2017,,,0.01,0,0,74,60,68,,,,,,
USC00186350,"NATIONAL ARBORETUM DC, MD US",5/29/2017,,,0.4,0,0,75,67,69,,,,,,
USC00186350,"NATIONAL ARBORETUM DC, MD US",5/30/2017,,,0,0,0,84,61,62,,,,,,
USC00186350,"NATIONAL ARBORETUM DC, MD US",5/31/2017,,,0.11,0,0,73,62,73,,,,,,
USC00186350,"NATIONAL ARBORETUM DC, MD US",6/1/2017,,,0.06,0,0,83,61,61,0,,,,,
USC00186350,"NATIONAL ARBORETUM DC, MD US",6/2/2017,,,0,0,0,84,57,58,0,,,,,
USC00186350,"NATIONAL ARBORETUM DC, MD US",6/3/2017,,,0,0,0,83,57,68,0,,,,,
USC00186350,"NATIONAL ARBORETUM DC, MD US",6/4/2017,,,0,0,0,86,59,71,0,,,,,
USC00186350,"NATIONAL ARBORETUM DC, MD US",6/5/2017,,,0,0,0,89,71,72,0,,,,,
USC00186350,"NATIONAL ARBORETUM DC, MD US",6/6/2017,,,0.03,0,0,75,66,69,0,,,,,
USC00186350,"NATIONAL ARBORETUM DC, MD US",6/7/2017,,,0,0,0,78,61,62,0,,,,,
USC00186350,"NATIONAL ARBORETUM DC, MD US",6/8/2017,,,0,0,0,68,51,52,0,,,,,
USC00186350,"NATIONAL ARBORETUM DC, MD US",6/9/2017,,,0,0,0,75,52,58,0,,,,,
USC00186350,"NATIONAL ARBORETUM DC, MD US",6/10/2017,,,0,0,0,83,57,71,0,,,,,
USC00186350,"NATIONAL ARBORETUM DC, MD US",6/11/2017,,,0,0,0,90,69,81,0,,,,,
USC00186350,"NATIONAL ARBORETUM DC, MD US",6/12/2017,,,0,0,0,93,71,73,0,,,,,
USC00186350,"NATIONAL ARBORETUM DC, MD US",6/13/2017,,,0,0,0,94,73,76,0,,,,,
USC00186350,"NATIONAL ARBORETUM DC, MD US",6/14/2017,,,0,0,0,96,76,80,0,,,,,
USC00186350,"NATIONAL ARBORETUM DC, MD US",6/15/2017,,,0,0,0,91,69,69,0,,,,,
USC00186350,"NATIONAL ARBORETUM DC, MD US",6/16/2017,,,0,0,0,87,69,72,0,,,,,
USC00186350,"NATIONAL ARBORETUM DC, MD US",6/17/2017,,,0.39,0,0,82,72,82,0,,,,,
USC00186350,"NATIONAL ARBORETUM DC, MD US",6/18/2017,,,0,0,0,87,76,80,0,,,,,
USC00186350,"NATIONAL ARBORETUM DC, MD US",6/19/2017,,,0,0,0,92,79,79,0,,,,,
USC00186350,"NATIONAL ARBORETUM DC, MD US",6/20/2017,,,0.58,0,0,89,71,74,0,,,,,
USC00186350,"NATIONAL ARBORETUM DC, MD US",6/21/2017,,,0,0,0,89,71,72,0,,,,,
USC00186350,"NATIONAL ARBORETUM DC, MD US",6/22/2017,,,0,0,0,90,71,72,0,,,,,
USC00186350,"NATIONAL ARBORETUM DC, MD US",6/23/2017,,,0.15,0,0,88,72,75,0,,,,,
USC00186350,"NATIONAL ARBORETUM DC, MD US",6/24/2017,,,0.2,0,0,88,75,77,0,,,,,
USC00186350,"NATIONAL ARBORETUM DC, MD US",6/25/2017,,,0,0,0,88,69,76,0,,,,,
USC00186350,"NATIONAL ARBORETUM DC, MD US",6/26/2017,,,0,0,0,88,64,70,0,,,,,
USC00186350,"NATIONAL ARBORETUM DC, MD US",6/27/2017,,,0,0,0,83,64,73,0,,,,,
USC00186350,"NATIONAL ARBORETUM DC, MD US",6/28/2017,,,0,0,0,81,55,57,0,,,,,
USC00186350,"NATIONAL ARBORETUM DC, MD US",6/29/2017,,,0,0,0,83,57,66,0,,,,,
USC00186350,"NATIONAL ARBORETUM DC, MD US",6/30/2017,,,0,0,0,91,66,73,0,,,,,
USC00186350,"NATIONAL ARBORETUM DC, MD US",7/1/2017,,,0,0,0,93,73,78,0,,,,,
USC00186350,"NATIONAL ARBORETUM DC, MD US",7/2/2017,,,0.57,0,0,93,74,81,0,,,,,
USC00186350,"NATIONAL ARBORETUM DC, MD US",7/3/2017,,,0.02,0,0,93,72,77,0,,,,,
USC00186350,"NATIONAL ARBORETUM DC, MD US",7/4/2017,,,0,0,0,92,73,77,0,,,,,
USC00186350,"NATIONAL ARBORETUM DC, MD US",7/5/2017,,,0,0,0,93,75,75,0,,,,,
USC00186350,"NATIONAL ARBORETUM DC, MD US",7/6/2017,,,0.58,0,0,86,71,79,0,,,,,
USC00186350,"NATIONAL ARBORETUM DC, MD US",7/7/2017,,,0.33,0,0,88,,81,0,,,,,
USC00186350,"NATIONAL ARBORETUM DC, MD US",7/8/2017,,,0,0,0,91,70,76,0,,,,,
USC00186350,"NATIONAL ARBORETUM DC, MD US",7/9/2017,,,0,0,0,90,68,75,0,,,,,
USC00186350,"NATIONAL ARBORETUM DC, MD US",7/10/2017,,,0,0,0,86,68,69,0,,,,,
USC00186350,"NATIONAL ARBORETUM DC, MD US",7/11/2017,,,0,0,0,91,69,75,0,,,,,
USC00186350,"NATIONAL ARBORETUM DC, MD US",7/12/2017,,,0,0,0,93,75,77,0,,,,,
USC00186350,"NATIONAL ARBORETUM DC, MD US",7/13/2017,,,0,0,0,94,77,79,0,,,,,
USC00186350,"NATIONAL ARBORETUM DC, MD US",7/14/2017,,,0,0,0,96,78,79,0,,,,,
USC00186350,"NATIONAL ARBORETUM DC, MD US",7/15/2017,,,0.47,0,0,98,73,79,0,,,,,
USC00186350,"NATIONAL ARBORETUM DC, MD US",7/16/2017,,,0,0,0,90,67,75,0,,,,,
USC00186350,"NATIONAL ARBORETUM DC, MD US",7/17/2017,,,0,0,0,90,73,78,0,,,,,
USC00186350,"NATIONAL ARBORETUM DC, MD US",7/18/2017,,,0.23,0,0,92,76,78,0,,,,,
USC00186350,"NATIONAL ARBORETUM DC, MD US",7/19/2017,,,0.93,0,0,93,72,75,0,,,,,
USC00186350,"NATIONAL ARBORETUM DC, MD US",7/20/2017,,,0,0,0,95,75,81,0,,,,,
USC00186350,"NATIONAL ARBORETUM DC, MD US",7/21/2017,,,0,0,0,96,78,80,0,,,,,
USC00186350,"NATIONAL ARBORETUM DC, MD US",7/22/2017,,,0,0,0,95,79,82,0,,,,,
USC00186350,"NATIONAL ARBORETUM DC, MD US",7/23/2017,,,0.83,0,0,94,72,85,0,,,,,
USC00186350,"NATIONAL ARBORETUM DC, MD US",7/24/2017,,,1.41,0,0,88,73,74,0,,,,,
USC00186350,"NATIONAL ARBORETUM DC, MD US",7/25/2017,,,0,0,0,92,71,71,0,,,,,
USC00186350,"NATIONAL ARBORETUM DC, MD US",7/26/2017,,,0,0,0,83,64,68,0,,,,,
USC00186350,"NATIONAL ARBORETUM DC, MD US",7/27/2017,,,0,0,0,88,68,73,0,,,,,
USC00186350,"NATIONAL ARBORETUM DC, MD US",7/28/2017,,,0,0,0,87,73,78,0,,,,,
USC00186350,"NATIONAL ARBORETUM DC, MD US",7/29/2017,,,4.8,0,0,81,74,76,0,,,,,
USC00186350,"NATIONAL ARBORETUM DC, MD US",7/30/2017,,,0.06,0,0,77,59,64,0,,,,,
USC00186350,"NATIONAL ARBORETUM DC, MD US",7/31/2017,,,0,0,0,84,61,73,0,,,,,
USC00186350,"NATIONAL ARBORETUM DC, MD US",8/1/2017,,,0,0,0,91,68,76,0,,,,,
USC00186350,"NATIONAL ARBORETUM DC, MD US",8/2/2017,,,0,0,0,91,71,76,0,,,,,
USC00186350,"NATIONAL ARBORETUM DC, MD US",8/3/2017,,,0,0,0,91,70,74,0,,,,,
USC00186350,"NATIONAL ARBORETUM DC, MD US",8/4/2017,,,0.58,0,0,92,70,76,0,,,,,
USC00186350,"NATIONAL ARBORETUM DC, MD US",8/5/2017,,,0,0,0,92,70,74,0,,,,,
USC00186350,"NATIONAL ARBORETUM DC, MD US",8/6/2017,,,0,0,0,81,64,70,0,,,,,
USC00186350,"NATIONAL ARBORETUM DC, MD US",8/7/2017,,,0.3,0,0,83,68,70,0,,,,,
USC00186350,"NATIONAL ARBORETUM DC, MD US",8/8/2017,,,1.05,0,0,78,70,74,0,,,,,
USC00186350,"NATIONAL ARBORETUM DC, MD US",8/9/2017,,,0.03,0,0,82,62,68,0,,,,,
USC00186350,"NATIONAL ARBORETUM DC, MD US",8/10/2017,,,0,0,0,86,63,71,0,,,,,
USC00186350,"NATIONAL ARBORETUM DC, MD US",8/11/2017,,,0,0,0,86,68,72,0,,,,,
USC00186350,"NATIONAL ARBORETUM DC, MD US",8/12/2017,,,0.4,0,0,84,72,78,0,,,,,
USC00186350,"NATIONAL ARBORETUM DC, MD US",8/13/2017,,,0.86,0,0,86,70,72,0,,,,,
USC00186350,"NATIONAL ARBORETUM DC, MD US",8/14/2017,,,,0,0,86,68,72,0,,,,,
USC00186350,"NATIONAL ARBORETUM DC, MD US",8/15/2017,,,0.02,0,0,79,72,74,0,,,,,
USC00186350,"NATIONAL ARBORETUM DC, MD US",8/16/2017,,,0.18,0,0,83,72,74,0,,,,,
USC00186350,"NATIONAL ARBORETUM DC, MD US",8/17/2017,,,0,0,0,92,74,77,0,,,,,
USC00186350,"NATIONAL ARBORETUM DC, MD US",8/18/2017,,,0,0,0,91,77,78,0,,,,,
USC00186350,"NATIONAL ARBORETUM DC, MD US",8/19/2017,,,0.27,0,0,93,76,78,0,,,,,
USC00186350,"NATIONAL ARBORETUM DC, MD US",8/20/2017,,,0,0,0,91,67,75,0,,,,,
USC00186350,"NATIONAL ARBORETUM DC, MD US",8/21/2017,,,0,0,0,89,72,72,0,,,,,
USC00186350,"NATIONAL ARBORETUM DC, MD US",8/22/2017,,,0,0,0,91,72,76,0,,,,,
USC00186350,"NATIONAL ARBORETUM DC, MD US",8/23/2017,,,0,0,0,93,76,77,0,,,,,
USC00186350,"NATIONAL ARBORETUM DC, MD US",8/24/2017,,,0,0,0,87,68,71,0,,,,,
USC00186350,"NATIONAL ARBORETUM DC, MD US",8/25/2017,,,0.05,0,0,83,63,65,0,,,,,
USC00186350,"NATIONAL ARBORETUM DC, MD US",8/26/2017,,,0,0,0,81,61,67,0,,,,,
USC00186350,"NATIONAL ARBORETUM DC, MD US",8/27/2017,,,0,0,0,82,60,70,0,,,,,
USC00186350,"NATIONAL ARBORETUM DC, MD US",8/28/2017,,,0,0,0,80,60,60,0,,,,,
USC00186350,"NATIONAL ARBORETUM DC, MD US",8/29/2017,,,0.07,0,0,79,60,65,0,,,,,
USC00186350,"NATIONAL ARBORETUM DC, MD US",8/30/2017,,,0.86,0,0,71,62,64,0,,,,,
USC00186350,"NATIONAL ARBORETUM DC, MD US",8/31/2017,,,0,0,0,80,64,68,0,,,,,
USC00186350,"NATIONAL ARBORETUM DC, MD US",9/1/2017,,,0,0,0,85,62,62,0,,,,,
USC00186350,"NATIONAL ARBORETUM DC, MD US",9/2/2017,,,0.22,0,0,67,57,59,0,,,,,
USC00186350,"NATIONAL ARBORETUM DC, MD US",9/3/2017,,,0.54,0,0,67,59,64,0,,,,,
USC00186350,"NATIONAL ARBORETUM DC, MD US",9/4/2017,,,0.3,0,0,80,59,63,0,,,,,
USC00186350,"NATIONAL ARBORETUM DC, MD US",9/5/2017,,,0,0,0,82,63,69,0,,,,,
USC00186350,"NATIONAL ARBORETUM DC, MD US",9/6/2017,,,0.16,0,0,86,68,70,0,,,,,
USC00186350,"NATIONAL ARBORETUM DC, MD US",9/7/2017,,,0.57,0,0,70,61,62,0,,,,,
USC00186350,"NATIONAL ARBORETUM DC, MD US",9/8/2017,,,0,0,0,74,53,56,0,,,,,
USC00186350,"NATIONAL ARBORETUM DC, MD US",9/9/2017,,,,0,0,76,53,58,0,,,,,
USC00186350,"NATIONAL ARBORETUM DC, MD US",9/10/2017,,,0,0,0,73,52,57,0,,,,,
USC00186350,"NATIONAL ARBORETUM DC, MD US",9/11/2017,,,0,0,0,74,51,51,0,,,,,
USC00186350,"NATIONAL ARBORETUM DC, MD US",9/12/2017,,,0,0,0,75,51,60,0,,,,,
USC00186350,"NATIONAL ARBORETUM DC, MD US",9/13/2017,,,0,0,0,79,60,67,0,,,,,
USC00186350,"NATIONAL ARBORETUM DC, MD US",9/14/2017,,,0.07,0,0,81,66,69,0,,,,,
USC00186350,"NATIONAL ARBORETUM DC, MD US",9/15/2017,,,0.33,0,0,83,66,67,0,,,,,
USC00186350,"NATIONAL ARBORETUM DC, MD US",9/16/2017,,,0,0,0,83,65,65,0,,,,,
USC00186350,"NATIONAL ARBORETUM DC, MD US",9/17/2017,,,0,0,0,86,64,69,0,1,,,,
USC00186350,"NATIONAL ARBORETUM DC, MD US",9/18/2017,,,0,0,0,82,68,70,0,,,,,
USC00186350,"NATIONAL ARBORETUM DC, MD US",9/19/2017,,,0,0,0,76,67,69,0,,,,,
USC00186350,"NATIONAL ARBORETUM DC, MD US",9/20/2017,,,0,0,0,84,69,70,0,,,,,
USC00186350,"NATIONAL ARBORETUM DC, MD US",9/21/2017,,,0,0,0,87,64,64,0,,,,,
USC00186350,"NATIONAL ARBORETUM DC, MD US",9/22/2017,,,0,0,0,88,64,68,0,,,,,
USC00186350,"NATIONAL ARBORETUM DC, MD US",9/23/2017,,,0,0,0,83,60,69,0,,,,,
USC00186350,"NATIONAL ARBORETUM DC, MD US",9/24/2017,,,0,0,0,89,62,64,0,,,,,
USC00186350,"NATIONAL ARBORETUM DC, MD US",9/25/2017,,,0,0,0,90,64,68,0,,,,,
USC00186350,"NATIONAL ARBORETUM DC, MD US",9/26/2017,,,0,0,0,91,67,69,0,,,,,
USC00186350,"NATIONAL ARBORETUM DC, MD US",9/27/2017,,,0,0,0,86,67,71,0,,,,,
USC00186350,"NATIONAL ARBORETUM DC, MD US",9/28/2017,,,0,0,0,91,69,74,0,,,,,
USC00186350,"NATIONAL ARBORETUM DC, MD US",9/29/2017,,,0,0,0,81,53,54,0,,,,,
USC00186350,"NATIONAL ARBORETUM DC, MD US",9/30/2017,,,0,0,0,74,54,59,0,,,,,
USC00186350,"NATIONAL ARBORETUM DC, MD US",10/1/2017,,,0,0,0,68,47,54,0,,,,,
USC00186350,"NATIONAL ARBORETUM DC, MD US",10/2/2017,,,0,0,0,71,47,47,0,,,,,
USC00186350,"NATIONAL ARBORETUM DC, MD US",10/3/2017,,,0,0,0,75,47,54,0,,,,,
USC00186350,"NATIONAL ARBORETUM DC, MD US",10/4/2017,,,0,0,0,75,50,54,0,,,,,
USC00186350,"NATIONAL ARBORETUM DC, MD US",10/5/2017,,,0,0,0,77,54,56,0,,,,,
USC00186350,"NATIONAL ARBORETUM DC, MD US",10/6/2017,,,0,0,0,83,56,62,0,,,,,
USC00186350,"NATIONAL ARBORETUM DC, MD US",10/7/2017,,,0,0,0,84,61,65,0,,,,,
USC00186350,"NATIONAL ARBORETUM DC, MD US",10/8/2017,,,0,0,0,85,,76,0,,,,,
USC00186350,"NATIONAL ARBORETUM DC, MD US",10/9/2017,,,0.5,0,0,82,74,76,0,,,,,
USC00186350,"NATIONAL ARBORETUM DC, MD US",10/10/2017,,,0.14,0,0,83,70,70,0,,,,,
USC00186350,"NATIONAL ARBORETUM DC, MD US",10/11/2017,,,0,0,0,84,70,72,0,,,,,
USC00186350,"NATIONAL ARBORETUM DC, MD US",10/12/2017,,,0.32,0,0,74,66,68,0,,,,,
USC00186350,"NATIONAL ARBORETUM DC, MD US",10/13/2017,,,0,0,0,68,60,60,0,,,,,
USC00186350,"NATIONAL ARBORETUM DC, MD US",10/14/2017,,,0.04,0,0,65,60,64,0,,,,,
USC00186350,"NATIONAL ARBORETUM DC, MD US",10/15/2017,,,0.01,0,0,70,60,65,0,,,,,
USC00186350,"NATIONAL ARBORETUM DC, MD US",10/16/2017,,,0.14,0,0,78,61,62,0,,,,,
USC00186350,"NATIONAL ARBORETUM DC, MD US",10/17/2017,,,0,0,0,65,40,43,0,,,,,
USC00186350,"NATIONAL ARBORETUM DC, MD US",10/18/2017,,,0,0,0,63,41,42,0,,,,,
USC00186350,"NATIONAL ARBORETUM DC, MD US",10/19/2017,,,0,0,0,71,42,45,0,,,,,
USC00186350,"NATIONAL ARBORETUM DC, MD US",10/20/2017,,,0,0,0,73,45,51,0,,,,,
USC00186350,"NATIONAL ARBORETUM DC, MD US",10/21/2017,,,0,0,0,76,47,53,0,,,,,
USC00186350,"NATIONAL ARBORETUM DC, MD US",10/22/2017,,,0,0,0,78,48,57,0,,,,,
USC00186350,"NATIONAL ARBORETUM DC, MD US",10/23/2017,,,0,0,0,76,57,61,0,1,,,,
USC00186350,"NATIONAL ARBORETUM DC, MD US",10/24/2017,,,0.15,0,0,77,61,62,0,,,,,
USC00186350,"NATIONAL ARBORETUM DC, MD US",10/25/2017,,,0,0,0,73,55,56,0,,,,,
USC00186350,"NATIONAL ARBORETUM DC, MD US",10/26/2017,,,0,0,0,66,49,49,0,,,,,
USC00186350,"NATIONAL ARBORETUM DC, MD US",10/27/2017,,,0,0,0,60,38,40,0,,,,,
USC00186350,"NATIONAL ARBORETUM DC, MD US",10/29/2017,2,0.15,,0,0,,,66,0,,,,,
USC00186350,"NATIONAL ARBORETUM DC, MD US",10/30/2017,,,1.1,0,0,70,46,47,0,,,,,
USC00186350,"NATIONAL ARBORETUM DC, MD US",10/31/2017,,,0,0,0,59,41,41,0,,,,,
USC00186350,"NATIONAL ARBORETUM DC, MD US",11/1/2017,,,0,0,0,61,41,44,0,,,,,
USC00186350,"NATIONAL ARBORETUM DC, MD US",11/2/2017,,,0,0,0,64,44,52,0,,,,,
USC00186350,"NATIONAL ARBORETUM DC, MD US",11/3/2017,,,0,0,0,75,52,58,0,,,,,
USC00186350,"NATIONAL ARBORETUM DC, MD US",11/4/2017,,,0,0,0,78,49,49,0,,,,,
USC00186350,"NATIONAL ARBORETUM DC, MD US",11/5/2017,,,0.61,0,0,60,48,58,0,,,,,
USC00186350,"NATIONAL ARBORETUM DC, MD US",11/6/2017,,,0.02,0,0,65,58,63,0,,,,,
USC00186350,"NATIONAL ARBORETUM DC, MD US",11/7/2017,,,0.11,0,0,72,46,46,0,,,,,
USC00186350,"NATIONAL ARBORETUM DC, MD US",11/8/2017,,,1.09,0,0,47,41,42,0,,,,,
USC00186350,"NATIONAL ARBORETUM DC, MD US",11/9/2017,,,0.02,0,0,49,42,45,0,,,,,
USC00186350,"NATIONAL ARBORETUM DC, MD US",11/10/2017,,,0.04,0,0,56,43,44,0,,,,,
USC00186350,"NATIONAL ARBORETUM DC, MD US",11/11/2017,,,0,0,0,45,25,28,0,,,,,
USC00186350,"NATIONAL ARBORETUM DC, MD US",11/12/2017,,,0,0,0,39,27,34,0,,,,,
USC00186350,"NATIONAL ARBORETUM DC, MD US",11/13/2017,,,0.14,0,0,47,34,41,0,,,,,
USC00186350,"NATIONAL ARBORETUM DC, MD US",11/14/2017,,,0,0,0,53,34,40,0,,,,,
USC00186350,"NATIONAL ARBORETUM DC, MD US",11/15/2017,,,0,0,0,51,31,35,0,,,,,
USC00186350,"NATIONAL ARBORETUM DC, MD US",11/16/2017,,,0.01,0,0,55,35,47,0,,,,,
USC00186350,"NATIONAL ARBORETUM DC, MD US",11/17/2017,,,0,0,0,62,41,43,0,,,,,
USC00186350,"NATIONAL ARBORETUM DC, MD US",11/18/2017,,,0,0,0,53,33,44,0,,,,,
USC00186350,"NATIONAL ARBORETUM DC, MD US",11/19/2017,,,0.1,0,0,62,44,49,0,,,,,
USC00186350,"NATIONAL ARBORETUM DC, MD US",11/20/2017,,,0,0,0,51,38,40,0,,,,,
USC00186350,"NATIONAL ARBORETUM DC, MD US",11/21/2017,,,0,0,0,52,37,43,0,,,,,
USC00186350,"NATIONAL ARBORETUM DC, MD US",11/22/2017,,,0.03,0,0,61,43,53,0,,,,,
USC00186350,"NATIONAL ARBORETUM DC, MD US",11/23/2017,,,0,0,0,59,29,35,0,,,,,
USC00186350,"NATIONAL ARBORETUM DC, MD US",11/24/2017,,,0,0,0,46,28,33,0,,,,,
USC00186350,"NATIONAL ARBORETUM DC, MD US",11/25/2017,,,0,0,0,54,32,43,0,,,,,
USC00186350,"NATIONAL ARBORETUM DC, MD US",11/26/2017,,,0,0,0,60,32,47,0,,,,,
USC00186350,"NATIONAL ARBORETUM DC, MD US",11/27/2017,,,0,0,0,54,35,39,0,,,,,
USC00186350,"NATIONAL ARBORETUM DC, MD US",11/28/2017,,,0,0,0,60,34,35,0,,,,,
USC00186350,"NATIONAL ARBORETUM DC, MD US",11/29/2017,,,0,0,0,63,34,42,0,,,,,
USC00186350,"NATIONAL ARBORETUM DC, MD US",11/30/2017,,,0,0,0,68,38,42,0,,,,,
USC00186350,"NATIONAL ARBORETUM DC, MD US",12/1/2017,,,0.02,0,0,60,42,46,0,,,,,
USC00186350,"NATIONAL ARBORETUM DC, MD US",12/2/2017,,,0,0,0,56,30,35,0,,,,,
USC00186350,"NATIONAL ARBORETUM DC, MD US",12/3/2017,,,0.05,0,0,53,35,41,0,,,,,
USC00186350,"NATIONAL ARBORETUM DC, MD US",12/4/2017,,,0,0,0,56,31,33,0,,,,,
USC00186350,"NATIONAL ARBORETUM DC, MD US",12/5/2017,,,0,0,0,55,33,48,0,,,,,
USC00186350,"NATIONAL ARBORETUM DC, MD US",12/6/2017,,,0.1,0,0,60,41,41,0,,,,,
USC00186350,"NATIONAL ARBORETUM DC, MD US",12/7/2017,,,0,0,0,47,36,40,0,,,,,
USC00186350,"NATIONAL ARBORETUM DC, MD US",12/8/2017,,,0,0,0,49,37,37,0,,,,,
USC00186350,"NATIONAL ARBORETUM DC, MD US",12/9/2017,,,0,0,0,41,36,37,0,,,,,
USC00186350,"NATIONAL ARBORETUM DC, MD US",12/10/2017,,,0.22,,1,37,29,35,,,,,,
USC00186350,"NATIONAL ARBORETUM DC, MD US",12/11/2017,,,0,0,0,41,32,35,0,,,,,
USC00186350,"NATIONAL ARBORETUM DC, MD US",12/12/2017,,,0,0,0,48,34,42,0,,,,,
USC00186350,"NATIONAL ARBORETUM DC, MD US",12/13/2017,,,0,0,0,48,22,24,0,,,,,
USC00186350,"NATIONAL ARBORETUM DC, MD US",12/14/2017,,,0,0,0,38,24,38,0,,,,,
USC00186350,"NATIONAL ARBORETUM DC, MD US",12/15/2017,,,0,0,0,44,27,29,0,,,,,
USC00186350,"NATIONAL ARBORETUM DC, MD US",12/16/2017,,,0.01,0,0,31,24,29,,,,,,
USC00186350,"NATIONAL ARBORETUM DC, MD US",12/17/2017,,,0,0,0,46,27,31,0,,,,,
USC00186350,"NATIONAL ARBORETUM DC, MD US",12/18/2017,,,0,0,0,52,31,37,0,,,,,
USC00186350,"NATIONAL ARBORETUM DC, MD US",12/19/2017,,,0,0,0,56,36,38,0,,,,,
USC00186350,"NATIONAL ARBORETUM DC, MD US",12/20/2017,,,0,0,0,60,38,49,0,,,,,
USC00186350,"NATIONAL ARBORETUM DC, MD US",12/21/2017,,,0,0,0,52,27,28,0,,,,,
USC00186350,"NATIONAL ARBORETUM DC, MD US",12/22/2017,,,0,0,0,45,28,34,0,,,,,
USC00186350,"NATIONAL ARBORETUM DC, MD US",12/23/2017,,,0,0,0,56,34,54,0,,,,,
USC00186350,"NATIONAL ARBORETUM DC, MD US",12/24/2017,,,0.24,0,0,64,37,40,0,,,,,
USC00186350,"NATIONAL ARBORETUM DC, MD US",12/25/2017,,,0,0,0,44,35,35,0,,,,,
USC00186350,"NATIONAL ARBORETUM DC, MD US",12/26/2017,,,0,0,0,35,29,29,0,,,,,
USC00186350,"NATIONAL ARBORETUM DC, MD US",12/27/2017,,,0,0,0,38,29,29,0,,,,,
USC00186350,"NATIONAL ARBORETUM DC, MD US",12/28/2017,,,0,0,0,30,15,17,0,,,,,
USC00186350,"NATIONAL ARBORETUM DC, MD US",12/29/2017,,,0,0,0,24,15,19,0,,,,,
USC00186350,"NATIONAL ARBORETUM DC, MD US",12/30/2017,,,0.03,0.4,0,32,18,23,,,,,,
USC00186350,"NATIONAL ARBORETUM DC, MD US",12/31/2017,,,0,0,0,32,17,18,,,,,,
USC00186350,"NATIONAL ARBORETUM DC, MD US",1/2/2018,,,0,0,0,,,13,,,,,,
USC00186350,"NATIONAL ARBORETUM DC, MD US",1/3/2018,,,0,0,0,25,9,9,,,,,,
USC00186350,"NATIONAL ARBORETUM DC, MD US",1/4/2018,,,0.07,0.8,1,34,9,23,,,,,,
USC00186350,"NATIONAL ARBORETUM DC, MD US",1/5/2018,,,0,0,0,27,12,12,,,,,,
USC00186350,"NATIONAL ARBORETUM DC, MD US",1/6/2018,,,0,0,0,19,10,11,,,,,,
USC00186350,"NATIONAL ARBORETUM DC, MD US",1/7/2018,,,0,0,0,20,8,10,,,,,,
USC00186350,"NATIONAL ARBORETUM DC, MD US",1/8/2018,,,0,0,0,23,10,21,,,,,,
USC00186350,"NATIONAL ARBORETUM DC, MD US",1/9/2018,,,0.03,0,0,39,21,32,,1,,,,
USC00186350,"NATIONAL ARBORETUM DC, MD US",1/10/2018,,,0,0,0,49,25,31,0,,,,,
USC00186350,"NATIONAL ARBORETUM DC, MD US",1/11/2018,,,0,0,0,43,31,41,0,,,,,
USC00186350,"NATIONAL ARBORETUM DC, MD US",1/12/2018,,,0.13,0,0,67,41,66,0,,,,,
USC00186350,"NATIONAL ARBORETUM DC, MD US",1/13/2018,,,0.36,0,0,74,34,34,0,,,,,
USC00186350,"NATIONAL ARBORETUM DC, MD US",1/14/2018,,,0,0,0,36,16,18,0,,,,,
USC00186350,"NATIONAL ARBORETUM DC, MD US",1/15/2018,,,0,0,0,28,15,23,0,,,,,
USC00186350,"NATIONAL ARBORETUM DC, MD US",1/16/2018,,,0,0,0,32,23,30,0,,,,,
USC00186350,"NATIONAL ARBORETUM DC, MD US",1/17/2018,,,0.05,0.7,1,41,24,25,,,,,,
USC00186350,"NATIONAL ARBORETUM DC, MD US",1/18/2018,,,0,0,0,27,18,20,,,,,,
USC00186350,"NATIONAL ARBORETUM DC, MD US",1/19/2018,,,0,0,0,46,20,25,,,,,,
USC00186350,"NATIONAL ARBORETUM DC, MD US",1/20/2018,,,0,0,0,53,25,32,0,,,,,
USC00186350,"NATIONAL ARBORETUM DC, MD US",1/21/2018,,,0,0,0,61,25,37,0,,,,,
USC00186350,"NATIONAL ARBORETUM DC, MD US",1/22/2018,,,0,0,0,62,37,49,0,,,,,
USC00186350,"NATIONAL ARBORETUM DC, MD US",1/23/2018,,,0.07,0,0,68,49,63,0,,,,,
USC00186350,"NATIONAL ARBORETUM DC, MD US",1/24/2018,,,0,0,0,67,40,43,,,,,,
USC00186350,"NATIONAL ARBORETUM DC, MD US",1/25/2018,,,0,0,0,47,31,33,,,,,,
USC00186350,"NATIONAL ARBORETUM DC, MD US",1/26/2018,,,0,0,0,42,23,25,,,,,,
USC00186350,"NATIONAL ARBORETUM DC, MD US",1/27/2018,,,0,0,0,49,25,44,,,,,,
USC00186350,"NATIONAL ARBORETUM DC, MD US",1/28/2018,,,0.03,0,0,62,44,50,,,,,,
USC00186350,"NATIONAL ARBORETUM DC, MD US",1/29/2018,,,0.14,0,0,55,44,44,,,,,,
USC00186350,"NATIONAL ARBORETUM DC, MD US",1/30/2018,,,0.01,,,46,33,34,,,,,,
USC00186350,"NATIONAL ARBORETUM DC, MD US",1/31/2018,,,0,0,0,35,20,23,,,,,,
USC00186350,"NATIONAL ARBORETUM DC, MD US",2/1/2018,,,0,0,0,41,22,39,,,,,,
USC00186350,"NATIONAL ARBORETUM DC, MD US",2/3/2018,,,0,0,0,,,20,,,,,,
USC00186350,"NATIONAL ARBORETUM DC, MD US",2/4/2018,,,0,0,0,35,20,34,,,,,,
USC00186350,"NATIONAL ARBORETUM DC, MD US",2/5/2018,,,,0,0,40,32,32,,,,,,
USC00186350,"NATIONAL ARBORETUM DC, MD US",2/6/2018,,,0,0,0,37,25,31,,,,,,
USC00186350,"NATIONAL ARBORETUM DC, MD US",2/7/2018,,,0,0,0,42,28,33,,,,,,
USC00186350,"NATIONAL ARBORETUM DC, MD US",2/8/2018,,,0.48,0,0,42,25,26,,,,,,
USC00186350,"NATIONAL ARBORETUM DC, MD US",2/9/2018,,,0,0,0,37,24,24,,,,,,
USC00186350,"NATIONAL ARBORETUM DC, MD US",2/10/2018,,,0,0,0,46,24,38,,,,,,
USC00186350,"NATIONAL ARBORETUM DC, MD US",2/11/2018,,,1.83,0,0,56,38,56,,,,,,
USC00186350,"NATIONAL ARBORETUM DC, MD US",2/12/2018,,,0.23,0,0,69,45,45,,,,,,
USC00186350,"NATIONAL ARBORETUM DC, MD US",2/13/2018,,,0,0,0,50,30,32,,,,,,
USC00186350,"NATIONAL ARBORETUM DC, MD US",2/14/2018,,,0,0,0,42,32,36,,,,,,
USC00186350,"NATIONAL ARBORETUM DC, MD US",2/15/2018,,,0.07,0,0,54,36,50,,,,,,
USC00186350,"NATIONAL ARBORETUM DC, MD US",2/16/2018,,,0.05,0,0,73,50,62,,,,,,
USC00186350,"NATIONAL ARBORETUM DC, MD US",2/17/2018,,,0,0,0,64,32,34,,,,,,
USC00186350,"NATIONAL ARBORETUM DC, MD US",2/18/2018,,,0.53,0.5,,44,33,37,,,,,,
USC00186350,"NATIONAL ARBORETUM DC, MD US",2/19/2018,,,0,0,0,52,35,41,,,,,,
USC00186350,"NATIONAL ARBORETUM DC, MD US",2/20/2018,,,0.01,0,0,56,41,56,,,,,,
USC00186350,"NATIONAL ARBORETUM DC, MD US",2/21/2018,,,0,0,0,77,56,62,,,,,,
USC00186350,"NATIONAL ARBORETUM DC, MD US",2/22/2018,,,0,0,0,81,56,56,,,,,,
USC00186350,"NATIONAL ARBORETUM DC, MD US",2/23/2018,,,0.09,0,0,56,40,40,,,,,,
USC00186350,"NATIONAL ARBORETUM DC, MD US",2/24/2018,,,0.03,0,0,51,40,51,,1,,,,
USC00186350,"NATIONAL ARBORETUM DC, MD US",2/25/2018,,,0.2,0,0,52,48,48,,1,,,,
USC00186350,"NATIONAL ARBORETUM DC, MD US",2/26/2018,,,0.11,0,0,55,47,50,,,,,,
USC00186350,"NATIONAL ARBORETUM DC, MD US",2/27/2018,,,0,0,0,57,30,37,,,,,,
USC00186350,"NATIONAL ARBORETUM DC, MD US",2/28/2018,,,0,0,0,59,37,44,,,,,,
USC00186350,"NATIONAL ARBORETUM DC, MD US",3/1/2018,,,0,0,0,63,44,49,,,,,,
USC00186350,"NATIONAL ARBORETUM DC, MD US",3/2/2018,,,0.17,0,0,55,39,41,,,,,,
USC00186350,"NATIONAL ARBORETUM DC, MD US",3/3/2018,,,0.01,0,0,55,36,37,,,,,,
USC00186350,"NATIONAL ARBORETUM DC, MD US",3/4/2018,,,0,0,0,54,35,39,,,,,,
USC00186350,"NATIONAL ARBORETUM DC, MD US",3/5/2018,,,0,0,0,,30,31,,,,,,
USC00186350,"NATIONAL ARBORETUM DC, MD US",3/6/2018,,,0,0,0,,27,30,,,,,,
USC00186350,"NATIONAL ARBORETUM DC, MD US",3/7/2018,,,0.33,0.4,0,47,30,36,,,,,,
USC00186350,"NATIONAL ARBORETUM DC, MD US",3/8/2018,,,0.02,0,0,47,33,35,,,,,,
USC00186350,"NATIONAL ARBORETUM DC, MD US",3/9/2018,,,0,0,0,45,33,34,,,,,,
USC00186350,"NATIONAL ARBORETUM DC, MD US",3/10/2018,,,0,0,0,45,30,37,,,,,,
USC00186350,"NATIONAL ARBORETUM DC, MD US",3/11/2018,,,0,0,0,49,27,28,,,,,,
USC00186350,"NATIONAL ARBORETUM DC, MD US",3/12/2018,,,0,0,0,52,28,34,,,,,,
USC00186350,"NATIONAL ARBORETUM DC, MD US",3/13/2018,,,0,0,0,46,32,33,,,,,,
USC00186350,"NATIONAL ARBORETUM DC, MD US",3/14/2018,,,0,0,0,47,32,33,,,,,,
USC00186350,"NATIONAL ARBORETUM DC, MD US",3/15/2018,,,0,0,0,42,32,34,,,,,,
USC00186350,"NATIONAL ARBORETUM DC, MD US",3/16/2018,,,0,0,0,55,31,35,,,,,,
USC00186350,"NATIONAL ARBORETUM DC, MD US",3/17/2018,,,0,0,0,47,28,30,,,,,,
USC00186350,"NATIONAL ARBORETUM DC, MD US",3/18/2018,,,0,0,0,45,30,36,,,,,,
USC00186350,"NATIONAL ARBORETUM DC, MD US",3/19/2018,,,0,0,0,59,31,32,,,,,,
USC00186350,"NATIONAL ARBORETUM DC, MD US",3/20/2018,,,0.21,0,0,59,31,36,,,,,,
USC00186350,"NATIONAL ARBORETUM DC, MD US",3/21/2018,,,0.75,0.4,0,36,32,32,,,,,,
USC00186350,"NATIONAL ARBORETUM DC, MD US",3/22/2018,,,0.62,1.9,3,36,32,34,,,,,,
USC00186350,"NATIONAL ARBORETUM DC, MD US",3/23/2018,,,0,0,0,49,34,34,,,,,,
USC00186350,"NATIONAL ARBORETUM DC, MD US",3/24/2018,,,0,0,0,50,32,35,,,,,,
USC00186350,"NATIONAL ARBORETUM DC, MD US",3/25/2018,,,0,0,0,52,31,33,,,,,,
USC00186350,"NATIONAL ARBORETUM DC, MD US",3/26/2018,,,0,0,0,49,30,35,,,,,,
USC00186350,"NATIONAL ARBORETUM DC, MD US",3/27/2018,,,0,0,0,50,31,32,,,,,,
USC00186350,"NATIONAL ARBORETUM DC, MD US",3/28/2018,,,0.07,0,0,48,32,44,,,,,,
USC00186350,"NATIONAL ARBORETUM DC, MD US",3/29/2018,,,0.1,0,0,59,44,49,,,,,,
USC00186350,"NATIONAL ARBORETUM DC, MD US",3/30/2018,,,0,0,0,76,49,67,,,,,,
USC00186350,"NATIONAL ARBORETUM DC, MD US",3/31/2018,,,0,0,0,75,35,42,,,,,,
USC00186350,"NATIONAL ARBORETUM DC, MD US",4/1/2018,,,0,0,0,61,42,53,,,,,,
USC00186350,"NATIONAL ARBORETUM DC, MD US",4/2/2018,,,0.08,0,0,65,41,41,,,,,,
USC00186350,"NATIONAL ARBORETUM DC, MD US",4/3/2018,,,0,0,0,48,40,44,,,,,,
USC00186350,"NATIONAL ARBORETUM DC, MD US",4/4/2018,,,0.02,0,0,59,44,59,,,,,,
USC00186350,"NATIONAL ARBORETUM DC, MD US",4/5/2018,,,0,0,0,72,35,37,,,,,,
USC00186350,"NATIONAL ARBORETUM DC, MD US",4/6/2018,,,0,0,0,56,37,44,,,,,,
USC00186350,"NATIONAL ARBORETUM DC, MD US",4/7/2018,,,0,0,0,73,43,43,,,,,,
USC00186350,"NATIONAL ARBORETUM DC, MD US",4/8/2018,,,0,0,0,45,31,35,,,,,,
USC00186350,"NATIONAL ARBORETUM DC, MD US",4/9/2018,,,0,0,0,51,35,39,,,,,,
USC00186350,"NATIONAL ARBORETUM DC, MD US",4/10/2018,,,0.03,0,0,46,36,39,,,,,,
USC00186350,"NATIONAL ARBORETUM DC, MD US",4/11/2018,,,0,0,0,56,36,41,,,,,,
USC00186350,"NATIONAL ARBORETUM DC, MD US",4/12/2018,,,0,0,0,59,41,49,,,,,,
USC00186350,"NATIONAL ARBORETUM DC, MD US",4/13/2018,,,0,0,0,76,49,62,,,,,,
USC00186350,"NATIONAL ARBORETUM DC, MD US",4/14/2018,,,0,0,0,87,62,69,,,,,,
USC00186350,"NATIONAL ARBORETUM DC, MD US",4/15/2018,,,0,0,0,85,56,60,,,,,,
USC00186350,"NATIONAL ARBORETUM DC, MD US",4/16/2018,,,1.71,0,0,67,46,66,,,,,,
USC00186350,"NATIONAL ARBORETUM DC, MD US",4/17/2018,,,0.28,0,0,67,40,41,,,,,,
USC00186350,"NATIONAL ARBORETUM DC, MD US",4/18/2018,,,0,0,0,48,35,40,,,,,,
USC00186350,"NATIONAL ARBORETUM DC, MD US",4/19/2018,,,0,0,0,63,40,52,,,,,,
USC00186350,"NATIONAL ARBORETUM DC, MD US",4/20/2018,,,0.04,0,0,59,38,41,,,,,,
USC00186350,"NATIONAL ARBORETUM DC, MD US",4/21/2018,,,0,0,0,62,36,41,,,,,,
USC00186350,"NATIONAL ARBORETUM DC, MD US",4/22/2018,,,0,0,0,64,41,52,,,,,,
USC00186350,"NATIONAL ARBORETUM DC, MD US",4/23/2018,,,0,0,0,68,45,50,,,,,,
USC00186350,"NATIONAL ARBORETUM DC, MD US",4/24/2018,,,0,0,0,72,50,54,,,,,,
USC00186350,"NATIONAL ARBORETUM DC, MD US",4/25/2018,,,0.8,0,0,64,54,60,,,,,,
USC00186350,"NATIONAL ARBORETUM DC, MD US",4/26/2018,,,0.04,0,0,68,48,52,,,,,,
USC00186350,"NATIONAL ARBORETUM DC, MD US",4/27/2018,,,0.91,0,0,73,52,55,,,,,,
USC00186350,"NATIONAL ARBORETUM DC, MD US",4/28/2018,,,0.03,0,0,64,48,54,,,,,,
USC00186350,"NATIONAL ARBORETUM DC, MD US",4/29/2018,,,0.02,0,0,79,45,47,,,,,,
USC00186350,"NATIONAL ARBORETUM DC, MD US",4/30/2018,,,0,0,0,57,37,47,,,,,,
USC00186350,"NATIONAL ARBORETUM DC, MD US",5/1/2018,,,0,0,0,72,43,55,,,,,,
USC00186350,"NATIONAL ARBORETUM DC, MD US",5/2/2018,,,0,0,0,84,51,59,,,,,,
USC00186350,"NATIONAL ARBORETUM DC, MD US",5/3/2018,,,0,0,0,93,59,69,,,,,,
USC00186350,"NATIONAL ARBORETUM DC, MD US",5/4/2018,,,0,0,0,93,69,72,,,,,,
USC00186350,"NATIONAL ARBORETUM DC, MD US",5/5/2018,,,0.08,0,0,93,68,68,,,,,,
USC00186350,"NATIONAL ARBORETUM DC, MD US",5/6/2018,,,0.01,0,0,,59,60,,,,,,
USC00186350,"NATIONAL ARBORETUM DC, MD US",5/7/2018,,,0,0,0,73,57,59,,,,,,
USC00186350,"NATIONAL ARBORETUM DC, MD US",5/8/2018,,,0,0,0,77,54,59,,,,,,
USC00186350,"NATIONAL ARBORETUM DC, MD US",5/9/2018,,,0,0,0,79,52,59,,,,,,
USC00186350,"NATIONAL ARBORETUM DC, MD US",5/10/2018,,,0,0,0,80,59,64,,,,,,
USC00186350,"NATIONAL ARBORETUM DC, MD US",5/11/2018,,,0,0,0,83,58,66,,,,,,
USC00186350,"NATIONAL ARBORETUM DC, MD US",5/12/2018,,,0,0,0,85,64,67,,,,,,
USC00186350,"NATIONAL ARBORETUM DC, MD US",5/13/2018,,,0.45,0,0,92,64,67,,,,,,
USC00186350,"NATIONAL ARBORETUM DC, MD US",5/14/2018,,,0.13,0,0,72,62,64,,,,,,
USC00186350,"NATIONAL ARBORETUM DC, MD US",5/15/2018,,,2.1,0,0,83,64,75,,,,,,
USC00186350,"NATIONAL ARBORETUM DC, MD US",5/16/2018,,,0.23,0,0,89,69,71,,,,,,
USC00186350,"NATIONAL ARBORETUM DC, MD US",5/17/2018,,,1.18,0,0,76,71,71,,,,,,
USC00186350,"NATIONAL ARBORETUM DC, MD US",5/18/2018,,,1.59,0,0,,,,,,,,,
USC00186350,"NATIONAL ARBORETUM DC, MD US",5/19/2018,,,1.64,0,0,,,,,,,,,
USC00186350,"NATIONAL ARBORETUM DC, MD US",5/20/2018,,,0.11,0,0,74,64,74,,,,,,
USC00186350,"NATIONAL ARBORETUM DC, MD US",5/21/2018,,,0,0,0,89,67,69,,,,,,
USC00186350,"NATIONAL ARBORETUM DC, MD US",5/22/2018,,,0,0,0,83,64,66,,,,,,
USC00186350,"NATIONAL ARBORETUM DC, MD US",5/23/2018,,,0.94,0,0,82,66,74,,,,,,
USC00186350,"NATIONAL ARBORETUM DC, MD US",5/24/2018,,,0,0,0,83,59,65,,,,,,
USC00186350,"NATIONAL ARBORETUM DC, MD US",5/25/2018,,,0,0,0,87,62,67,,,,,,
USC00186350,"NATIONAL ARBORETUM DC, MD US",5/26/2018,,,0,0,0,88,66,74,,,,,,
USC00186350,"NATIONAL ARBORETUM DC, MD US",5/27/2018,,,0.01,0,0,92,74,77,,,,,,
USC00186350,"NATIONAL ARBORETUM DC, MD US",5/28/2018,,,0.09,0,0,89,63,64,,,,,,
USC00186350,"NATIONAL ARBORETUM DC, MD US",5/29/2018,,,0,0,0,72,64,71,,,,,,
USC00186350,"NATIONAL ARBORETUM DC, MD US",5/30/2018,,,0,0,0,84,69,72,,,,,,
USC00186350,"NATIONAL ARBORETUM DC, MD US",5/31/2018,,,0.02,0,0,81,69,69,,,,,,
USC00186350,"NATIONAL ARBORETUM DC, MD US",6/1/2018,,,1.51,0,0,87,69,78,,,,,,
USC00186350,"NATIONAL ARBORETUM DC, MD US",6/2/2018,,,0.1,0,0,90,72,77,,,,,,
USC00186350,"NATIONAL ARBORETUM DC, MD US",6/3/2018,,,0.14,0,0,86,71,71,,,,,,
USC00186350,"NATIONAL ARBORETUM DC, MD US",6/4/2018,,,2.51,0,0,71,60,63,,,,,,
USC00186350,"NATIONAL ARBORETUM DC, MD US",6/5/2018,,,0,0,0,80,56,65,,,,,,
USC00186350,"NATIONAL ARBORETUM DC, MD US",6/6/2018,,,0,0,0,82,62,63,,,,,,
USC00186350,"NATIONAL ARBORETUM DC, MD US",6/7/2018,,,0,0,0,76,59,64,,,,,,
USC00186350,"NATIONAL ARBORETUM DC, MD US",6/8/2018,,,0,0,0,81,61,65,,,,,,
USC00186350,"NATIONAL ARBORETUM DC, MD US",6/9/2018,,,0,0,0,86,63,66,,,,,,
USC00186350,"NATIONAL ARBORETUM DC, MD US",6/10/2018,,,0.54,0,0,85,65,66,,,,,,
USC00186350,"NATIONAL ARBORETUM DC, MD US",6/11/2018,,,0.42,0,0,77,60,62,,,,,,
USC00186350,"NATIONAL ARBORETUM DC, MD US",6/12/2018,,,0.03,0,0,67,55,58,,,,,,
USC00186350,"NATIONAL ARBORETUM DC, MD US",6/13/2018,,,0,0,0,78,58,69,,,,,,
USC00186350,"NATIONAL ARBORETUM DC, MD US",6/14/2018,,,0,0,0,85,69,74,,,,,,
USC00186350,"NATIONAL ARBORETUM DC, MD US",6/15/2018,,,0,0,0,86,64,71,,,,,,
USC00186350,"NATIONAL ARBORETUM DC, MD US",6/16/2018,,,0,0,0,85,59,73,,,,,,
USC00186350,"NATIONAL ARBORETUM DC, MD US",6/17/2018,,,0,0,0,88,71,77,,,,,,
USC00186350,"NATIONAL ARBORETUM DC, MD US",6/18/2018,,,0,0,0,91,72,77,,,,,,
USC00186350,"NATIONAL ARBORETUM DC, MD US",6/19/2018,,,0,0,0,93,77,78,,,,,,
USC00186350,"NATIONAL ARBORETUM DC, MD US",6/20/2018,,,0.66,0,0,93,70,75,,,,,,
USC00186350,"NATIONAL ARBORETUM DC, MD US",6/21/2018,,,0.17,0,0,87,72,77,,,,,,
USC00186350,"NATIONAL ARBORETUM DC, MD US",6/22/2018,,,0.08,0,0,85,69,70,,,,,,
USC00186350,"NATIONAL ARBORETUM DC, MD US",6/23/2018,,,0.34,0,0,73,68,73,,,,,,
USC00186350,"NATIONAL ARBORETUM DC, MD US",6/24/2018,,,0.11,0,0,82,72,77,,,,,,
USC00186350,"NATIONAL ARBORETUM DC, MD US",6/25/2018,,,0.07,0,0,89,69,73,,,,,,
USC00186350,"NATIONAL ARBORETUM DC, MD US",6/26/2018,,,0,0,0,85,62,66,,,,,,
USC00186350,"NATIONAL ARBORETUM DC, MD US",6/27/2018,,,0,0,0,85,66,72,,,,,,
USC00186350,"NATIONAL ARBORETUM DC, MD US",6/28/2018,,,0.18,0,0,82,72,79,,,,,,
USC00186350,"NATIONAL ARBORETUM DC, MD US",6/29/2018,,,0,0,0,89,70,77,,,,,,
USC00186350,"NATIONAL ARBORETUM DC, MD US",6/30/2018,,,0,0,0,93,70,81,,,,,,
USC00186350,"NATIONAL ARBORETUM DC, MD US",7/1/2018,,,0,0,0,94,73,84,,,,,,
USC00186350,"NATIONAL ARBORETUM DC, MD US",7/2/2018,,,0,0,0,96,76,77,,,,,,
USC00186350,"NATIONAL ARBORETUM DC, MD US",7/3/2018,,,0,0,0,98,77,80,,,,,,
USC00186350,"NATIONAL ARBORETUM DC, MD US",7/4/2018,,,0,0,0,98,77,83,,,,,,
USC00186350,"NATIONAL ARBORETUM DC, MD US",7/5/2018,,,0,0,0,94,79,82,,,,,,
USC00186350,"NATIONAL ARBORETUM DC, MD US",7/6/2018,,,0,0,0,93,80,80,,,,,,
USC00186350,"NATIONAL ARBORETUM DC, MD US",7/7/2018,,,0,0,0,89,67,68,,,,,,
USC00186350,"NATIONAL ARBORETUM DC, MD US",7/8/2018,,,0,0,0,82,58,67,,,,,,
USC00186350,"NATIONAL ARBORETUM DC, MD US",7/9/2018,,,0,0,0,85,59,68,,,,,,
USC00186350,"NATIONAL ARBORETUM DC, MD US",7/10/2018,,,0,0,0,89,67,75,,,,,,
USC00186350,"NATIONAL ARBORETUM DC, MD US",7/11/2018,,,0,0,0,94,75,80,,,,,,
USC00186350,"NATIONAL ARBORETUM DC, MD US",7/12/2018,,,0,0,0,93,70,73,,,,,,
USC00186350,"NATIONAL ARBORETUM DC, MD US",7/13/2018,,,0,0,0,91,66,73,,,,,,
USC00186350,"NATIONAL ARBORETUM DC, MD US",7/14/2018,,,0,0,0,89,68,74,,,,,,
USC00186350,"NATIONAL ARBORETUM DC, MD US",7/15/2018,,,0,0,0,91,73,74,,,,,,
USC00186350,"NATIONAL ARBORETUM DC, MD US",7/16/2018,,,0,0,0,91,72,77,,,,,,
USC00186350,"NATIONAL ARBORETUM DC, MD US",7/17/2018,,,0,0,0,96,77,79,,,,,,
USC00186350,"NATIONAL ARBORETUM DC, MD US",7/18/2018,,,1.42,0,0,92,69,73,,,,,,
USC00186350,"NATIONAL ARBORETUM DC, MD US",7/19/2018,,,0,0,0,88,66,72,,,,,,
USC00186350,"NATIONAL ARBORETUM DC, MD US",7/20/2018,,,0,0,0,90,65,72,,,,,,
USC00186350,"NATIONAL ARBORETUM DC, MD US",7/21/2018,,,0,0,0,86,70,73,,,,,,
USC00186350,"NATIONAL ARBORETUM DC, MD US",7/22/2018,,,4.02,0,0,74,68,73,,,,,,
USC00186350,"NATIONAL ARBORETUM DC, MD US",7/23/2018,,,0.67,0,0,84,73,74,,,,,,
USC00186350,"NATIONAL ARBORETUM DC, MD US",7/24/2018,,,0.3,0,0,86,74,77,,,,,,
USC00186350,"NATIONAL ARBORETUM DC, MD US",7/25/2018,,,0.4,0,0,87,74,75,,,,,,
USC00186350,"NATIONAL ARBORETUM DC, MD US",7/26/2018,,,1.18,0,0,85,75,78,,,,,,
USC00186350,"NATIONAL ARBORETUM DC, MD US",7/27/2018,,,0,0,0,91,75,81,,,,,,
USC00186350,"NATIONAL ARBORETUM DC, MD US",7/28/2018,,,0.02,0,0,93,70,76,,,,,,
USC00186350,"NATIONAL ARBORETUM DC, MD US",7/29/2018,,,0,0,0,87,66,69,,,,,,
USC00186350,"NATIONAL ARBORETUM DC, MD US",7/30/2018,,,0,0,0,88,66,72,,,,,,
USC00186350,"NATIONAL ARBORETUM DC, MD US",7/31/2018,,,0.45,0,0,78,71,76,,,,,,
USC00186350,"NATIONAL ARBORETUM DC, MD US",8/1/2018,,,0.14,0,0,85,74,81,,,,,,
USC00186350,"NATIONAL ARBORETUM DC, MD US",8/2/2018,,,0,0,0,89,75,76,,,,,,
USC00186350,"NATIONAL ARBORETUM DC, MD US",8/3/2018,,,0.97,0,0,86,74,79,,,,,,
USC00186350,"NATIONAL ARBORETUM DC, MD US",8/4/2018,,,0.55,0,0,85,76,78,,,,,,
USC00186350,"NATIONAL ARBORETUM DC, MD US",8/5/2018,,,0,0,0,89,73,82,,,,,,
USC00186350,"NATIONAL ARBORETUM DC, MD US",8/6/2018,,,0,0,0,94,73,81,,,,,,
USC00186350,"NATIONAL ARBORETUM DC, MD US",8/7/2018,,,0.54,0,0,93,75,83,,,,,,
USC00186350,"NATIONAL ARBORETUM DC, MD US",8/8/2018,,,0.16,0,0,92,75,82,,,,,,
USC00186350,"NATIONAL ARBORETUM DC, MD US",8/9/2018,,,0,0,0,93,74,78,,,,,,
USC00186350,"NATIONAL ARBORETUM DC, MD US",8/10/2018,,,0,0,0,92,72,78,,,,,,
USC00186350,"NATIONAL ARBORETUM DC, MD US",8/11/2018,,,0,0,0,92,76,79,,,,,,
USC00186350,"NATIONAL ARBORETUM DC, MD US",8/12/2018,,,0,0,0,92,72,75,,,,,,
USC00186350,"NATIONAL ARBORETUM DC, MD US",8/13/2018,,,0.55,0,0,87,73,78,,,,,,
USC00186350,"NATIONAL ARBORETUM DC, MD US",8/14/2018,,,0.24,0,0,87,68,72,,,,,,
USC00186350,"NATIONAL ARBORETUM DC, MD US",8/15/2018,,,0,0,0,86,70,77,,,,,,
USC00186350,"NATIONAL ARBORETUM DC, MD US",8/16/2018,,,0,0,0,91,70,77,,,,,,
USC00186350,"NATIONAL ARBORETUM DC, MD US",8/17/2018,,,0,0,0,93,76,80,,,,,,
USC00186350,"NATIONAL ARBORETUM DC, MD US",8/18/2018,,,0,0,0,93,74,78,,,,,,
USC00186350,"NATIONAL ARBORETUM DC, MD US",8/19/2018,,,0,0,0,89,71,72,,,,,,
USC00186350,"NATIONAL ARBORETUM DC, MD US",8/20/2018,,,0,0,0,85,70,70,,,,,,
USC00186350,"NATIONAL ARBORETUM DC, MD US",8/21/2018,,,0,0,0,81,70,74,,,,,,
USC00186350,"NATIONAL ARBORETUM DC, MD US",8/22/2018,,,1.84,0,0,83,73,76,,,,,,
USC00186350,"NATIONAL ARBORETUM DC, MD US",8/23/2018,,,0,0,0,84,65,65,,,,,,
USC00186350,"NATIONAL ARBORETUM DC, MD US",8/24/2018,,,0,0,0,81,59,62,,,,,,
USC00186350,"NATIONAL ARBORETUM DC, MD US",8/25/2018,,,,0,0,85,61,73,,,,,,
USC00186350,"NATIONAL ARBORETUM DC, MD US",8/26/2018,,,0,0,0,84,66,71,,,,,,
USC00186350,"NATIONAL ARBORETUM DC, MD US",8/27/2018,,,0,0,0,89,71,75,,,,,,
USC00186350,"NATIONAL ARBORETUM DC, MD US",8/28/2018,,,0,0,0,93,75,79,,,,,,
USC00186350,"NATIONAL ARBORETUM DC, MD US",8/29/2018,,,0,0,0,94,78,80,,,,,,
USC00186350,"NATIONAL ARBORETUM DC, MD US",8/30/2018,,,0.03,0,0,96,76,76,,,,,,
USC00186350,"NATIONAL ARBORETUM DC, MD US",8/31/2018,,,0.02,0,0,93,74,76,,,,,,
USC00186350,"NATIONAL ARBORETUM DC, MD US",9/1/2018,,,0.05,0,0,90,73,76,,,,,,
USC00186350,"NATIONAL ARBORETUM DC, MD US",9/2/2018,,,0.31,0,0,88,74,77,,,,,,
USC00186350,"NATIONAL ARBORETUM DC, MD US",9/3/2018,,,0,0,0,91,77,80,,,,,,
USC00186350,"NATIONAL ARBORETUM DC, MD US",9/4/2018,,,0.02,0,0,94,77,80,,,,,,
USC00186350,"NATIONAL ARBORETUM DC, MD US",9/5/2018,,,1.15,0,0,95,75,79,,,,,,
USC00186350,"NATIONAL ARBORETUM DC, MD US",9/6/2018,,,0,0,0,94,77,79,,,,,,
USC00186350,"NATIONAL ARBORETUM DC, MD US",9/7/2018,,,0,0,0,94,74,74,,,,,,
USC00186350,"NATIONAL ARBORETUM DC, MD US",9/8/2018,,,1.74,0,0,,71,79,,,,,,
USC00186350,"NATIONAL ARBORETUM DC, MD US",9/9/2018,,,1,0,0,79,63,66,,,,,,
USC00186350,"NATIONAL ARBORETUM DC, MD US",9/10/2018,,,0.98,0,0,71,65,67,,,,,,
USC00186350,"NATIONAL ARBORETUM DC, MD US",9/11/2018,,,0.05,0,0,80,67,75,,,,,,
USC00186350,"NATIONAL ARBORETUM DC, MD US",9/12/2018,,,0,0,0,81,72,72,,,,,,
USC00186350,"NATIONAL ARBORETUM DC, MD US",9/13/2018,,,0.87,0,0,86,72,77,,,,,,
USC00186350,"NATIONAL ARBORETUM DC, MD US",9/14/2018,,,0.04,0,0,82,73,74,,,,,,
USC00186350,"NATIONAL ARBORETUM DC, MD US",9/15/2018,,,0.01,0,0,79,70,71,,,,,,
USC00186350,"NATIONAL ARBORETUM DC, MD US",9/16/2018,,,0,0,0,83,68,70,,,,,,
USC00186350,"NATIONAL ARBORETUM DC, MD US",9/17/2018,,,0,0,0,84,70,74,,,,,,
USC00186350,"NATIONAL ARBORETUM DC, MD US",9/18/2018,,,1.43,0,0,83,74,76,,,,,,
USC00186350,"NATIONAL ARBORETUM DC, MD US",9/19/2018,,,0.11,0,0,86,69,71,,,,,,
USC00186350,"NATIONAL ARBORETUM DC, MD US",9/20/2018,,,0,0,0,87,67,69,,,,,,
USC00186350,"NATIONAL ARBORETUM DC, MD US",9/21/2018,,,0,0,0,84,69,71,,,,,,
USC00186350,"NATIONAL ARBORETUM DC, MD US",9/22/2018,,,0.15,0,0,77,68,72,,,,,,
USC00186350,"NATIONAL ARBORETUM DC, MD US",9/23/2018,,,0.2,0,0,79,60,61,,,,,,
USC00186350,"NATIONAL ARBORETUM DC, MD US",9/24/2018,,,0.71,0,0,67,61,67,,,,,,
USC00186350,"NATIONAL ARBORETUM DC, MD US",9/25/2018,,,0.33,0,0,73,67,72,,,,,,
USC00186350,"NATIONAL ARBORETUM DC, MD US",9/26/2018,,,0.09,0,0,83,72,77,,,,,,
USC00186350,"NATIONAL ARBORETUM DC, MD US",9/27/2018,,,0.7,0,0,87,66,66,,,,,,
USC00186350,"NATIONAL ARBORETUM DC, MD US",9/28/2018,,,1.24,0,0,67,58,65,,,,,,
USC00186350,"NATIONAL ARBORETUM DC, MD US",9/29/2018,,,0,0,0,76,61,63,,1,,,,
USC00186350,"NATIONAL ARBORETUM DC, MD US",9/30/2018,,,0,0,0,79,57,60,,,,,,
USC00186350,"NATIONAL ARBORETUM DC, MD US",10/1/2018,,,0,0,0,79,57,68,,,,,,
USC00186350,"NATIONAL ARBORETUM DC, MD US",10/2/2018,,,0,0,0,83,66,69,,,,,,
USC00186350,"NATIONAL ARBORETUM DC, MD US",10/3/2018,,,0,0,0,83,68,72,,,,,,
USC00186350,"NATIONAL ARBORETUM DC, MD US",10/4/2018,,,0,0,0,87,66,67,,1,,,,
USC00186350,"NATIONAL ARBORETUM DC, MD US",10/5/2018,,,0.02,0,0,89,67,70,,,,,,
USC00186350,"NATIONAL ARBORETUM DC, MD US",10/6/2018,,,0,0,0,70,65,67,,,,,,
USC00186350,"NATIONAL ARBORETUM DC, MD US",10/7/2018,,,0,0,0,74,67,72,,,,,,
USC00186350,"NATIONAL ARBORETUM DC, MD US",10/8/2018,,,0,0,0,84,70,71,,1,,,,
USC00186350,"NATIONAL ARBORETUM DC, MD US",10/9/2018,,,0,0,0,86,70,73,,,,,,
USC00186350,"NATIONAL ARBORETUM DC, MD US",10/10/2018,,,0,0,0,84,71,73,,,,,,
USC00186350,"NATIONAL ARBORETUM DC, MD US",10/11/2018,,,0.17,0,0,84,73,76,,,,,,
USC00186350,"NATIONAL ARBORETUM DC, MD US",10/12/2018,,,1.31,0,0,81,57,57,,,,,,
USC00186350,"NATIONAL ARBORETUM DC, MD US",10/13/2018,,,0.05,0,0,64,50,50,,,,,,
USC00186350,"NATIONAL ARBORETUM DC, MD US",10/14/2018,,,0.03,0,0,,44,49,,,,,,
USC00186350,"NATIONAL ARBORETUM DC, MD US",10/15/2018,,,0.19,0,0,59,49,59,,,,,,
USC00186350,"NATIONAL ARBORETUM DC, MD US",10/16/2018,,,0.09,0,0,72,55,55,,,,,,
USC00186350,"NATIONAL ARBORETUM DC, MD US",10/17/2018,,,0,0,0,61,53,53,,,,,,
USC00186350,"NATIONAL ARBORETUM DC, MD US",10/18/2018,,,0,0,0,69,45,47,,,,,,
USC00186350,"NATIONAL ARBORETUM DC, MD US",10/19/2018,,,0,0,0,58,39,39,,,,,,
USC00186350,"NATIONAL ARBORETUM DC, MD US",10/20/2018,,,0.1,0,0,64,39,58,,,,,,
USC00186350,"NATIONAL ARBORETUM DC, MD US",10/21/2018,,,0.01,0,0,67,46,46,,,,,,
USC00186350,"NATIONAL ARBORETUM DC, MD US",10/22/2018,,,0,0,0,53,35,36,,,,,,
USC00186350,"NATIONAL ARBORETUM DC, MD US",10/23/2018,,,0,0,0,57,35,44,,,,,,
USC00186350,"NATIONAL ARBORETUM DC, MD US",10/24/2018,,,0,0,0,70,44,47,,,,,,
USC00186350,"NATIONAL ARBORETUM DC, MD US",10/25/2018,,,0,0,0,57,37,40,,,,,,
USC00186350,"NATIONAL ARBORETUM DC, MD US",10/26/2018,,,0,0,0,53,40,43,,,,,,
USC00186350,"NATIONAL ARBORETUM DC, MD US",10/27/2018,,,1.01,0,0,55,43,54,,,,,,
USC00186350,"NATIONAL ARBORETUM DC, MD US",10/28/2018,,,0.26,0,0,55,47,53,,,,,,
USC00186350,"NATIONAL ARBORETUM DC, MD US",10/29/2018,,,0.05,0,0,61,50,52,,,,,,
USC00186350,"NATIONAL ARBORETUM DC, MD US",10/30/2018,,,0.01,0,0,60,40,40,,,,,,
USC00186350,"NATIONAL ARBORETUM DC, MD US",10/31/2018,,,0,0,0,63,40,42,,,,,,
USC00186350,"NATIONAL ARBORETUM DC, MD US",11/1/2018,,,0,0,0,68,42,57,,,,,,
USC00186350,"NATIONAL ARBORETUM DC, MD US",11/2/2018,,,0,0,0,74,57,69,,,,,,
USC00186350,"NATIONAL ARBORETUM DC, MD US",11/3/2018,,,1.1,0,0,73,50,50,,,,,,
USC00186350,"NATIONAL ARBORETUM DC, MD US",11/4/2018,,,0.02,0,0,59,37,45,,,,,,
USC00186350,"NATIONAL ARBORETUM DC, MD US",11/5/2018,,,0.41,0,0,59,37,55,,,,,,
USC00186350,"NATIONAL ARBORETUM DC, MD US",11/6/2018,,,0.96,0,0,59,54,58,,,,,,
USC00186350,"NATIONAL ARBORETUM DC, MD US",11/7/2018,,,0.84,0,0,,50,53,,,,,,
USC00186350,"NATIONAL ARBORETUM DC, MD US",11/8/2018,,,0,0,0,63,51,51,,,,,,
USC00186350,"NATIONAL ARBORETUM DC, MD US",11/9/2018,,,0.04,0,0,59,44,44,,,,,,
USC00186350,"NATIONAL ARBORETUM DC, MD US",11/10/2018,,,0.6,0,0,52,42,42,,,,,,
USC00186350,"NATIONAL ARBORETUM DC, MD US",11/11/2018,,,0,0,0,44,28,34,,,,,,
USC00186350,"NATIONAL ARBORETUM DC, MD US",11/12/2018,,,0.03,0,0,47,30,35,,,,,,
USC00186350,"NATIONAL ARBORETUM DC, MD US",11/13/2018,,,0.99,0,0,50,30,45,,,,,,
USC00186350,"NATIONAL ARBORETUM DC, MD US",11/14/2018,,,0.01,0,0,50,38,38,,,,,,
USC00186350,"NATIONAL ARBORETUM DC, MD US",11/15/2018,,,0.01,,0,45,32,32,,,,,,
USC00186350,"NATIONAL ARBORETUM DC, MD US",11/16/2018,,,1.26,,0,43,31,42,,,,,,
USC00186350,"NATIONAL ARBORETUM DC, MD US",11/17/2018,,,0,0,0,50,37,44,,,,,,
USC00186350,"NATIONAL ARBORETUM DC, MD US",11/18/2018,,,0,0,0,50,31,34,,,,,,
USC00186350,"NATIONAL ARBORETUM DC, MD US",11/19/2018,,,0,0,0,51,34,38,,,,,,
USC00186350,"NATIONAL ARBORETUM DC, MD US",11/20/2018,,,0,0,0,59,38,50,,,,,,
USC00186350,"NATIONAL ARBORETUM DC, MD US",11/21/2018,,,0,0,0,53,31,33,,,,,,
USC00186350,"NATIONAL ARBORETUM DC, MD US",11/22/2018,,,0,0,0,57,30,31,,,,,,
USC00186350,"NATIONAL ARBORETUM DC, MD US",11/23/2018,,,0,0,0,34,27,27,,,,,,
USC00186350,"NATIONAL ARBORETUM DC, MD US",11/24/2018,,,0,0,0,40,27,39,,,,,,
USC00186350,"NATIONAL ARBORETUM DC, MD US",11/25/2018,,,1.35,0,0,48,39,42,,,,,,
USC00186350,"NATIONAL ARBORETUM DC, MD US",11/26/2018,,,0.03,0,0,61,42,50,,,,,,
USC00186350,"NATIONAL ARBORETUM DC, MD US",11/27/2018,,,0.4,0,0,54,39,40,,,,,,
USC00186350,"NATIONAL ARBORETUM DC, MD US",11/28/2018,,,0,0,0,43,34,34,,,,,,
USC00186350,"NATIONAL ARBORETUM DC, MD US",11/29/2018,,,0,0,0,39,30,32,,,,,,
USC00186350,"NATIONAL ARBORETUM DC, MD US",11/30/2018,,,0,0,0,41,31,37,,,,,,
USC00186350,"NATIONAL ARBORETUM DC, MD US",12/1/2018,,,0,0,0,45,32,38,,,,,,
USC00186350,"NATIONAL ARBORETUM DC, MD US",12/2/2018,,,0.64,0,0,49,32,48,,1,,,,
USC00186350,"NATIONAL ARBORETUM DC, MD US",12/3/2018,,,0.04,0,0,60,48,52,,,,,,
USC00186350,"NATIONAL ARBORETUM DC, MD US",12/4/2018,,,0,0,0,59,40,41,,,,,,
USC00186350,"NATIONAL ARBORETUM DC, MD US",12/5/2018,,,0,0,0,44,31,32,,,,,,
USC00186350,"NATIONAL ARBORETUM DC, MD US",12/6/2018,,,0,0,0,39,30,36,,,,,,
USC00186350,"NATIONAL ARBORETUM DC, MD US",12/7/2018,,,0,0,0,43,32,36,,,,,,
USC00186350,"NATIONAL ARBORETUM DC, MD US",12/8/2018,,,0,0,0,42,22,24,,,,,,
USC00186350,"NATIONAL ARBORETUM DC, MD US",12/9/2018,,,0,0,0,37,24,31,,,,,,
USC00186350,"NATIONAL ARBORETUM DC, MD US",12/10/2018,,,0,0,0,34,30,30,,,,,,
USC00186350,"NATIONAL ARBORETUM DC, MD US",12/11/2018,,,0,0,0,40,22,23,,,,,,
USC00186350,"NATIONAL ARBORETUM DC, MD US",12/12/2018,,,0,0,0,45,22,31,,,,,,
USC00186350,"NATIONAL ARBORETUM DC, MD US",12/13/2018,,,0,0,0,46,31,39,,,,,,
USC00186350,"NATIONAL ARBORETUM DC, MD US",12/14/2018,,,0,0,0,52,34,39,,,,,,
USC00186350,"NATIONAL ARBORETUM DC, MD US",12/15/2018,,,0.69,0,0,56,39,56,,,,,,
USC00186350,"NATIONAL ARBORETUM DC, MD US",12/16/2018,,,2.48,0,0,58,48,48,,,,,,
USC00186350,"NATIONAL ARBORETUM DC, MD US",12/17/2018,,,0.35,0,0,48,39,45,,,,,,
USC00186350,"NATIONAL ARBORETUM DC, MD US",12/18/2018,,,0,0,0,56,37,37,,,,,,
USC00186350,"NATIONAL ARBORETUM DC, MD US",12/19/2018,,,0,0,0,46,26,35,,,,,,
USC00186350,"NATIONAL ARBORETUM DC, MD US",12/20/2018,,,0,0,0,50,30,37,,,,,,
USC00186350,"NATIONAL ARBORETUM DC, MD US",12/21/2018,,,0.52,0,0,67,37,63,,,,,,
USC00186350,"NATIONAL ARBORETUM DC, MD US",12/22/2018,,,0.01,0,0,76,43,46,,,,,,
USC00186350,"NATIONAL ARBORETUM DC, MD US",12/23/2018,,,0,0,0,50,32,37,,,,,,
USC00186350,"NATIONAL ARBORETUM DC, MD US",12/24/2018,,,0.01,0,0,47,36,43,,,,,,
USC00186350,"NATIONAL ARBORETUM DC, MD US",12/25/2018,,,0,0,0,47,33,36,,,,,,
USC00186350,"NATIONAL ARBORETUM DC, MD US",12/26/2018,,,0,0,0,42,25,26,,,,,,
USC00186350,"NATIONAL ARBORETUM DC, MD US",12/27/2018,,,0,0,0,48,26,29,,,,,,
USC00186350,"NATIONAL ARBORETUM DC, MD US",12/28/2018,,,0.68,0,0,52,29,48,,,,,,
USC00186350,"NATIONAL ARBORETUM DC, MD US",12/29/2018,,,0.36,0,0,60,45,47,,,,,,
USC00186350,"NATIONAL ARBORETUM DC, MD US",12/30/2018,,,0,0,0,60,35,39,,,,,,
USC00186350,"NATIONAL ARBORETUM DC, MD US",12/31/2018,,,0,0,0,47,34,41,,,,,,
USC00186350,"NATIONAL ARBORETUM DC, MD US",1/1/2019,,,0.5,0,0,67,41,64,,,,,,
USC00186350,"NATIONAL ARBORETUM DC, MD US",1/2/2019,,,0,0,0,68,38,42,,,,,,
USC00186350,"NATIONAL ARBORETUM DC, MD US",1/3/2019,,,0,0,0,47,42,46,,,,,,
USC00186350,"NATIONAL ARBORETUM DC, MD US",1/4/2019,,,0,0,0,50,32,34,,,,,,
USC00186350,"NATIONAL ARBORETUM DC, MD US",1/5/2019,,,0.07,0,0,50,34,47,,,,,,
USC00186350,"NATIONAL ARBORETUM DC, MD US",1/6/2019,,,0,0,0,52,37,48,,,,,,
USC00186350,"NATIONAL ARBORETUM DC, MD US",1/7/2019,,,0,0,0,55,31,35,,,,,,
USC00186350,"NATIONAL ARBORETUM DC, MD US",1/8/2019,,,0.1,0,0,41,35,41,,,,,,
USC00186350,"NATIONAL ARBORETUM DC, MD US",1/9/2019,,,0.16,0,0,58,41,45,,,,,,
USC00186350,"NATIONAL ARBORETUM DC, MD US",1/10/2019,,,0,0,0,48,30,31,,,,,,
USC00186350,"NATIONAL ARBORETUM DC, MD US",1/11/2019,,,0,0,0,37,27,28,,,,,,
USC00186350,"NATIONAL ARBORETUM DC, MD US",1/12/2019,,,0,0,0,38,25,29,,,,,,
USC00186350,"NATIONAL ARBORETUM DC, MD US",1/13/2019,,,,5.1,5,36,28,28,,,,,,
USC00186350,"NATIONAL ARBORETUM DC, MD US",1/14/2019,,,0.57,5,9,31,25,28,,,,,,
USC00186350,"NATIONAL ARBORETUM DC, MD US",1/15/2019,,,0,0,5,37,20,22,,,,,,
USC00186350,"NATIONAL ARBORETUM DC, MD US",1/16/2019,,,0,0,5,38,18,28,,,,,,
USC00186350,"NATIONAL ARBORETUM DC, MD US",1/17/2019,,,0,0,,42,28,30,,,,,,
USC00186350,"NATIONAL ARBORETUM DC, MD US",1/18/2019,,,0.1,1,4,37,30,34,,,,,,
USC00186350,"NATIONAL ARBORETUM DC, MD US",1/19/2019,,,0,0,0,42,30,37,,,,,,
USC00186350,"NATIONAL ARBORETUM DC, MD US",1/20/2019,,,0.83,0,0,57,37,46,,,,,,
USC00186350,"NATIONAL ARBORETUM DC, MD US",1/21/2019,,,0,0,0,46,13,14,,,,,,
USC00186350,"NATIONAL ARBORETUM DC, MD US",1/22/2019,,,0,0,0,23,14,18,,,,,,
USC00186350,"NATIONAL ARBORETUM DC, MD US",1/23/2019,,,0,0,0,35,18,35,,,,,,
USC00186350,"NATIONAL ARBORETUM DC, MD US",1/24/2019,,,0.33,0,0,65,35,65,,,,,,
USC00186350,"NATIONAL ARBORETUM DC, MD US",1/25/2019,,,0.65,0,0,69,32,34,,,,,,
USC00186350,"NATIONAL ARBORETUM DC, MD US",1/26/2019,,,0,0,0,42,21,24,,,,,,
USC00186350,"NATIONAL ARBORETUM DC, MD US",1/27/2019,,,0,0,0,41,24,32,,,,,,
USC00186350,"NATIONAL ARBORETUM DC, MD US",1/28/2019,,,0,0,0,48,30,30,,,,,,
USC00186350,"NATIONAL ARBORETUM DC, MD US",1/29/2019,,,0,0,0,39,25,34,,,,,,
USC00186350,"NATIONAL ARBORETUM DC, MD US",1/30/2019,,,0.17,0,0,40,18,21,,,,,,
USC00186350,"NATIONAL ARBORETUM DC, MD US",1/31/2019,,,0,0,0,36,8,9,,,,,,
USC00186350,"NATIONAL ARBORETUM DC, MD US",2/1/2019,,,0,0,0,25,9,20,,,,,,
USC00186350,"NATIONAL ARBORETUM DC, MD US",2/2/2019,,,0.1,1,1,26,13,20,,,,,,
USC00186350,"NATIONAL ARBORETUM DC, MD US",2/3/2019,,,0,0,0,40,20,33,,,,,,
USC00186350,"NATIONAL ARBORETUM DC, MD US",2/4/2019,,,0,0,0,55,30,30,,,,,,
USC00186350,"NATIONAL ARBORETUM DC, MD US",2/5/2019,,,0,0,0,63,30,38,,,,,,
USC00186350,"NATIONAL ARBORETUM DC, MD US",2/6/2019,,,0,0,0,73,37,43,,,,,,
USC00186350,"NATIONAL ARBORETUM DC, MD US",2/7/2019,,,0.04,0,0,56,43,46,,,,,,
USC00186350,"NATIONAL ARBORETUM DC, MD US",2/8/2019,,,0.02,0,0,56,43,45,,,,,,
USC00186350,"NATIONAL ARBORETUM DC, MD US",2/9/2019,,,0,0,0,58,27,28,,,,,,
USC00186350,"NATIONAL ARBORETUM DC, MD US",2/10/2019,,,0,0,0,37,19,20,,,,,,
USC00186350,"NATIONAL ARBORETUM DC, MD US",2/11/2019,,,0.37,0.3,0,39,20,34,,,,,,
USC00186350,"NATIONAL ARBORETUM DC, MD US",2/12/2019,,,0.36,0,0,37,34,35,,,,,,
USC00186350,"NATIONAL ARBORETUM DC, MD US",2/13/2019,,,0.49,0,0,41,35,38,,,,,,
USC00186350,"NATIONAL ARBORETUM DC, MD US",2/14/2019,,,0,0,0,49,29,32,,,,,,
USC00186350,"NATIONAL ARBORETUM DC, MD US",2/15/2019,,,0,0,0,54,32,52,,,,,,
USC00186350,"NATIONAL ARBORETUM DC, MD US",2/16/2019,,,0,0,0,65,40,40,,,,,,
USC00186350,"NATIONAL ARBORETUM DC, MD US",2/17/2019,,,0,0,0,48,28,32,,,,,,
USC00186350,"NATIONAL ARBORETUM DC, MD US",2/18/2019,,,0.56,0,0,41,32,41,,,,,,
USC00186350,"NATIONAL ARBORETUM DC, MD US",2/19/2019,,,0,0,0,49,29,29,,,,,,
USC00186350,"NATIONAL ARBORETUM DC, MD US",2/20/2019,,,0.2,1.8,1,43,29,29,,,,,,
USC00186350,"NATIONAL ARBORETUM DC, MD US",2/22/2019,,,,0,0,,,45,,,,,,
USC00186350,"NATIONAL ARBORETUM DC, MD US",2/23/2019,,,0,0,0,49,37,39,,,,,,
USC00186350,"NATIONAL ARBORETUM DC, MD US",2/24/2019,,,0.72,0,0,41,37,40,,,,,,
USC00186350,"NATIONAL ARBORETUM DC, MD US",2/25/2019,,,0,0,0,59,40,41,,,,,,
USC00186350,"NATIONAL ARBORETUM DC, MD US",2/26/2019,,,0,0,0,50,31,35,,,,,,
USC00186350,"NATIONAL ARBORETUM DC, MD US",2/27/2019,,,0,0,0,54,29,32,,,,,,
USC00186350,"NATIONAL ARBORETUM DC, MD US",2/28/2019,,,0,0,0,40,32,39,,,,,,
USC00186350,"NATIONAL ARBORETUM DC, MD US",3/1/2019,,,0.14,0.4,0,49,32,33,,,,,,
USC00186350,"NATIONAL ARBORETUM DC, MD US",3/2/2019,,,0.6,0,0,37,33,37,,,,,,
USC00186350,"NATIONAL ARBORETUM DC, MD US",3/3/2019,,,0,0,0,48,37,41,,,,,,
USC00186350,"NATIONAL ARBORETUM DC, MD US",3/4/2019,,,0.63,0,0,43,35,37,,,,,,
USC00186350,"NATIONAL ARBORETUM DC, MD US",3/5/2019,,,0,0,0,41,25,29,,,,,,
USC00186350,"NATIONAL ARBORETUM DC, MD US",3/6/2019,,,0,0,0,42,21,23,,,,,,
USC00186350,"NATIONAL ARBORETUM DC, MD US",3/7/2019,,,0,0,0,33,20,28,,,,,,
USC00186350,"NATIONAL ARBORETUM DC, MD US",3/8/2019,,,0,0,0,44,28,33,,,,,,
USC00186350,"NATIONAL ARBORETUM DC, MD US",3/9/2019,,,0.19,0.4,0,41,32,36,,,,,,
USC00186350,"NATIONAL ARBORETUM DC, MD US",3/10/2019,,,0.47,0,0,42,36,40,,,,,,
USC00186350,"NATIONAL ARBORETUM DC, MD US",3/11/2019,,,0,0,0,61,40,50,,,,,,
USC00186350,"NATIONAL ARBORETUM DC, MD US",3/12/2019,,,0,0,0,62,38,38,,,,,,
USC00186350,"NATIONAL ARBORETUM DC, MD US",3/13/2019,,,0,0,0,53,29,29,,,,,,
USC00186350,"NATIONAL ARBORETUM DC, MD US",3/14/2019,,,0,0,0,61,29,41,,,,,,
USC00186350,"NATIONAL ARBORETUM DC, MD US",3/15/2019,,,0,0,0,73,41,63,,,,,,
USC00186350,"NATIONAL ARBORETUM DC, MD US",3/17/2019,,,0,0,0,54,31,39,,,,,,
USC00186350,"NATIONAL ARBORETUM DC, MD US",3/18/2019,,,0,0,0,53,36,39,,,,,,
USC00186350,"NATIONAL ARBORETUM DC, MD US",3/19/2019,,,0,0,0,50,29,29,,,,,,
USC00186350,"NATIONAL ARBORETUM DC, MD US",3/20/2019,,,0,0,0,56,29,46,,,,,,
USC00186350,"NATIONAL ARBORETUM DC, MD US",3/21/2019,,,0.22,0,0,,,44,,,,,,
USC00186350,"NATIONAL ARBORETUM DC, MD US",3/22/2019,,,1.83,0,0,50,44,48,,,,,,
USC00186350,"NATIONAL ARBORETUM DC, MD US",3/23/2019,,,0.11,0,0,53,35,38,,,,,,
USC00186350,"NATIONAL ARBORETUM DC, MD US",3/24/2019,,,0,0,0,54,31,42,,,,,,
USC00186350,"NATIONAL ARBORETUM DC, MD US",3/25/2019,,,0,0,0,66,42,43,,,,,,
USC00186350,"NATIONAL ARBORETUM DC, MD US",3/26/2019,,,0,0,0,64,37,38,,,,,,
USC00186350,"NATIONAL ARBORETUM DC, MD US",3/27/2019,,,0,0,0,52,30,34,,,,,,
USC00186350,"NATIONAL ARBORETUM DC, MD US",3/28/2019,,,0,0,0,55,31,35,,,,,,
USC00186350,"NATIONAL ARBORETUM DC, MD US",3/29/2019,,,0,0,0,64,35,53,,,,,,
USC00186350,"NATIONAL ARBORETUM DC, MD US",3/30/2019,,,0,0,0,71,50,52,,,,,,
USC00186350,"NATIONAL ARBORETUM DC, MD US",3/31/2019,,,0,0,0,77,49,62,,,,,,
USC00186350,"NATIONAL ARBORETUM DC, MD US",4/1/2019,,,0,0,0,62,33,34,,,,,,
USC00186350,"NATIONAL ARBORETUM DC, MD US",4/2/2019,,,0,0,0,51,34,34,,,,,,
USC00186350,"NATIONAL ARBORETUM DC, MD US",4/3/2019,,,0.04,0,0,50,34,40,,,,,,
USC00186350,"NATIONAL ARBORETUM DC, MD US",4/4/2019,,,0,0,0,69,40,42,,,,,,
USC00186350,"NATIONAL ARBORETUM DC, MD US",4/5/2019,,,0.05,0,0,69,42,47,,,,,,
USC00186350,"NATIONAL ARBORETUM DC, MD US",4/6/2019,,,0.05,0,0,50,45,46,,,,,,
USC00186350,"NATIONAL ARBORETUM DC, MD US",4/7/2019,,,0,0,0,70,46,50,,,,,,
USC00186350,"NATIONAL ARBORETUM DC, MD US",4/8/2019,,,0,0,0,73,50,63,,,,,,
USC00186350,"NATIONAL ARBORETUM DC, MD US",4/9/2019,,,0.05,0,0,76,60,61,,,,,,
USC00186350,"NATIONAL ARBORETUM DC, MD US",4/10/2019,,,0,0,0,78,46,57,,,,,,
USC00186350,"NATIONAL ARBORETUM DC, MD US",4/11/2019,,,0,0,0,72,47,48,,,,,,
USC00186350,"NATIONAL ARBORETUM DC, MD US",4/12/2019,,,0,0,0,61,46,49,,,,,,
USC00186350,"NATIONAL ARBORETUM DC, MD US",4/13/2019,,,0.84,0,0,73,49,69,,,,,,
USC00186350,"NATIONAL ARBORETUM DC, MD US",4/14/2019,,,0.01,0,0,79,62,66,,,,,,
USC00186350,"NATIONAL ARBORETUM DC, MD US",4/15/2019,,,0.83,0,0,75,61,62,,,,,,
USC00186350,"NATIONAL ARBORETUM DC, MD US",4/16/2019,,,0,0,0,64,45,49,,,,,,
USC00186350,"NATIONAL ARBORETUM DC, MD US",4/17/2019,,,0,0,0,68,49,54,,,,,,
USC00186350,"NATIONAL ARBORETUM DC, MD US",4/18/2019,,,0,0,0,70,53,56,,,,,,
USC00186350,"NATIONAL ARBORETUM DC, MD US",4/19/2019,,,0,0,0,80,56,68,,,,,,
USC00186350,"NATIONAL ARBORETUM DC, MD US",4/20/2019,,,0.26,0,0,76,67,68,,,,,,
USC00186350,"NATIONAL ARBORETUM DC, MD US",4/21/2019,,,0,0,0,74,53,54,,,,,,
USC00186350,"NATIONAL ARBORETUM DC, MD US",4/22/2019,,,0,0,0,71,53,55,,,,,,
USC00186350,"NATIONAL ARBORETUM DC, MD US",4/23/2019,,,0,0,0,74,51,55,,,,,,
USC00186350,"NATIONAL ARBORETUM DC, MD US",4/24/2019,,,0,0,0,83,55,70,,,,,,
USC00186350,"NATIONAL ARBORETUM DC, MD US",4/25/2019,,,0,0,0,76,58,61,,,,,,
USC00186350,"NATIONAL ARBORETUM DC, MD US",4/26/2019,,,0.05,0,0,76,57,58,,,,,,
USC00186350,"NATIONAL ARBORETUM DC, MD US",4/27/2019,,,0.89,0,0,76,53,55,,,,,,
USC00186350,"NATIONAL ARBORETUM DC, MD US",4/28/2019,,,0.08,0,0,72,52,55,,,,,,
USC00186350,"NATIONAL ARBORETUM DC, MD US",4/29/2019,,,0,0,0,73,43,46,,,,,,
USC00186350,"NATIONAL ARBORETUM DC, MD US",4/30/2019,,,0,0,0,62,46,58,,,,,,
USC00186350,"NATIONAL ARBORETUM DC, MD US",6/1/2019,,,0,0,0,86,68,69,,,,,,
USC00186350,"NATIONAL ARBORETUM DC, MD US",6/2/2019,,,0,0,0,87,63,72,,,,,,
USC00186350,"NATIONAL ARBORETUM DC, MD US",6/3/2019,,,0.52,0,0,86,55,65,,,,,,
USC00186350,"NATIONAL ARBORETUM DC, MD US",6/4/2019,,,0,0,0,75,49,55,,,,,,
USC00186350,"NATIONAL ARBORETUM DC, MD US",6/5/2019,,,0,0,0,78,55,69,,,,,,
USC00186350,"NATIONAL ARBORETUM DC, MD US",6/6/2019,,,0.13,0,0,82,69,73,,,,,,
USC00186350,"NATIONAL ARBORETUM DC, MD US",6/7/2019,,,0,0,0,90,71,73,,,,,,
USC00186350,"NATIONAL ARBORETUM DC, MD US",6/8/2019,,,0,0,0,82,68,71,,,,,,
USC00186350,"NATIONAL ARBORETUM DC, MD US",6/9/2019,,,0,0,0,84,66,71,,,,,,
USC00186350,"NATIONAL ARBORETUM DC, MD US",6/10/2019,,,0.17,0,0,75,63,64,,,,,,
USC00186350,"NATIONAL ARBORETUM DC, MD US",6/11/2019,,,0.45,0,0,79,64,65,,,,,,
USC00186350,"NATIONAL ARBORETUM DC, MD US",6/12/2019,,,0,0,0,81,60,66,,,,,,
USC00186350,"NATIONAL ARBORETUM DC, MD US",6/13/2019,,,0.61,0,0,79,63,65,,,,,,
USC00186350,"NATIONAL ARBORETUM DC, MD US",6/14/2019,,,0.23,0,0,79,58,63,,,,,,
USC00186350,"NATIONAL ARBORETUM DC, MD US",6/15/2019,,,0,0,0,78,57,65,,,,,,
USC00186350,"NATIONAL ARBORETUM DC, MD US",6/16/2019,,,0,0,0,85,65,70,,,,,,
USC00186350,"NATIONAL ARBORETUM DC, MD US",6/17/2019,,,0,0,0,87,70,75,,,,,,
USC00186350,"NATIONAL ARBORETUM DC, MD US",6/18/2019,,,0.54,0,0,93,73,75,,,,,,
USC00186350,"NATIONAL ARBORETUM DC, MD US",6/19/2019,,,0.91,0,0,89,71,76,,,,,,
USC00186350,"NATIONAL ARBORETUM DC, MD US",6/20/2019,,,0,0,0,88,75,77,,,,,,
USC00186350,"NATIONAL ARBORETUM DC, MD US",6/21/2019,,,0.08,0,0,92,72,74,,,,,,
USC00186350,"NATIONAL ARBORETUM DC, MD US",6/22/2019,,,0,0,0,85,65,68,,,,,,
USC00186350,"NATIONAL ARBORETUM DC, MD US",6/23/2019,,,0,0,0,84,58,71,,,,,,
USC00186350,"NATIONAL ARBORETUM DC, MD US",6/24/2019,,,0,0,0,85,67,73,,,,,,
USC00186350,"NATIONAL ARBORETUM DC, MD US",6/25/2019,,,0.56,0,0,91,72,78,,,,,,
USC00186350,"NATIONAL ARBORETUM DC, MD US",6/26/2019,,,0,0,0,90,73,75,,,,,,
USC00186350,"NATIONAL ARBORETUM DC, MD US",6/27/2019,,,0,0,0,93,72,80,,,,,,
USC00186350,"NATIONAL ARBORETUM DC, MD US",6/28/2019,,,0.03,0,0,94,70,78,,,,,,
USC00186350,"NATIONAL ARBORETUM DC, MD US",6/29/2019,,,0,0,0,94,72,79,,,,,,
USC00186350,"NATIONAL ARBORETUM DC, MD US",6/30/2019,,,0.03,0,0,94,72,77,,,,,,
